<DATETIME>,<OPEN>,<HIGH>,<LOW>,<CLOSE>,<VOL>
20120202000000,6.1,6.1,6.1,6.1,0.0
20120203000000,5.96,5.96,5.96,5.96,0.0
20120204000000,5.87,5.87,5.87,5.87,0.0
20120205000000,5.69,5.69,5.69,5.69,0.0
20120206000000,5.45,5.45,5.45,5.45,0.0
20120207000000,5.69,5.69,5.69,5.69,0.0
20120208000000,5.6,5.6,5.6,5.6,0.0
20120209000000,5.83,5.83,5.83,5.83,0.0
20120210000000,5.91,5.91,5.91,5.91,0.0
20120211000000,5.6,5.6,5.6,5.6,0.0
20120212000000,5.51,5.51,5.51,5.51,0.0
20120213000000,5.26,5.26,5.26,5.26,0.0
20120214000000,4.46,4.46,4.46,4.46,0.0
20120215000000,4.33,4.33,4.33,4.33,0.0
20120216000000,4.27,4.27,4.27,4.27,0.0
20120217000000,4.41,4.41,4.41,4.41,0.0
20120218000000,4.22,4.22,4.22,4.22,0.0
20120219000000,4.39,4.39,4.39,4.39,0.0
20120220000000,4.36,4.36,4.36,4.36,0.0
20120221000000,4.27,4.27,4.27,4.27,0.0
20120222000000,4.42,4.42,4.42,4.42,0.0
20120223000000,5.01,5.01,5.01,5.01,0.0
20120224000000,5.03,5.03,5.03,5.03,0.0
20120225000000,4.77,4.77,4.77,4.77,0.0
20120226000000,4.92,4.92,4.92,4.92,0.0
20120227000000,4.96,4.96,4.96,4.96,0.0
20120228000000,4.87,4.87,4.87,4.87,0.0
20120229000000,4.86,4.86,4.86,4.86,0.0
20120301000000,4.92,4.92,4.92,4.92,0.0
20120302000000,4.7,4.7,4.7,4.7,0.0
20120303000000,4.61,4.61,4.61,4.61,0.0
20120304000000,4.82,4.82,4.82,4.82,0.0
20120305000000,4.98,4.98,4.98,4.98,0.0
20120306000000,4.99,4.99,4.99,4.99,0.0
20120307000000,4.94,4.94,4.94,4.94,0.0
20120308000000,4.93,4.93,4.93,4.93,0.0
20120309000000,4.86,4.86,4.86,4.86,0.0
20120310000000,4.83,4.83,4.83,4.83,0.0
20120311000000,4.91,4.91,4.91,4.91,0.0
20120312000000,4.89,4.89,4.89,4.89,0.0
20120313000000,5.27,5.27,5.27,5.27,0.0
20120314000000,5.38,5.38,5.38,5.38,0.0
20120315000000,5.33,5.33,5.33,5.33,0.0
20120316000000,5.34,5.34,5.34,5.34,0.0
20120317000000,5.22,5.22,5.22,5.22,0.0
20120318000000,5.28,5.28,5.28,5.28,0.0
20120319000000,4.69,4.69,4.69,4.69,0.0
20120320000000,4.84,4.84,4.84,4.84,0.0
20120321000000,4.81,4.81,4.81,4.81,0.0
20120322000000,4.7,4.7,4.7,4.7,0.0
20120323000000,4.69,4.69,4.69,4.69,0.0
20120324000000,4.68,4.68,4.68,4.68,0.0
20120325000000,4.55,4.55,4.55,4.55,0.0
20120326000000,4.62,4.62,4.62,4.62,0.0
20120327000000,4.81,4.81,4.81,4.81,0.0
20120328000000,4.79,4.79,4.79,4.79,0.0
20120329000000,4.81,4.81,4.81,4.81,0.0
20120330000000,4.86,4.86,4.86,4.86,0.0
20120331000000,4.91,4.91,4.91,4.91,0.0
20120401000000,4.83,4.83,4.83,4.83,0.0
20120402000000,4.97,4.97,4.97,4.97,0.0
20120403000000,4.95,4.95,4.95,4.95,0.0
20120404000000,4.91,4.91,4.91,4.91,0.0
20120405000000,4.92,4.92,4.92,4.92,0.0
20120406000000,4.95,4.95,4.95,4.95,0.0
20120407000000,4.69,4.69,4.69,4.69,0.0
20120408000000,4.79,4.79,4.79,4.79,0.0
20120409000000,4.87,4.87,4.87,4.87,0.0
20120410000000,4.84,4.84,4.84,4.84,0.0
20120411000000,4.93,4.93,4.93,4.93,0.0
20120412000000,4.92,4.92,4.92,4.92,0.0
20120413000000,4.94,4.94,4.94,4.94,0.0
20120414000000,4.96,4.96,4.96,4.96,0.0
20120415000000,4.97,4.97,4.97,4.97,0.0
20120416000000,4.93,4.93,4.93,4.93,0.0
20120417000000,4.98,4.98,4.98,4.98,0.0
20120418000000,5.12,5.12,5.12,5.12,0.0
20120419000000,5.14,5.14,5.14,5.14,0.0
20120420000000,5.35,5.35,5.35,5.35,0.0
20120421000000,5.26,5.26,5.26,5.26,0.0
20120422000000,5.2,5.2,5.2,5.2,0.0
20120423000000,4.96,4.96,4.96,4.96,0.0
20120424000000,5.1,5.1,5.1,5.1,0.0
20120425000000,5.13,5.13,5.13,5.13,0.0
20120426000000,5.1,5.1,5.1,5.1,0.0
20120427000000,5.11,5.11,5.11,5.11,0.0
20120428000000,4.98,4.98,4.98,4.98,0.0
20120429000000,4.9,4.9,4.9,4.9,0.0
20120430000000,4.95,4.95,4.95,4.95,0.0
20120501000000,5.0,5.0,5.0,5.0,0.0
20120502000000,5.07,5.07,5.07,5.07,0.0
20120503000000,5.13,5.13,5.13,5.13,0.0
20120504000000,5.07,5.07,5.07,5.07,0.0
20120505000000,5.08,5.08,5.08,5.08,0.0
20120506000000,5.05,5.05,5.05,5.05,0.0
20120507000000,5.06,5.06,5.06,5.06,0.0
20120508000000,5.05,5.05,5.05,5.05,0.0
20120509000000,5.04,5.04,5.04,5.04,0.0
20120510000000,4.85,4.85,4.85,4.85,0.0
20120511000000,4.96,4.96,4.96,4.96,0.0
20120512000000,4.95,4.95,4.95,4.95,0.0
20120513000000,4.93,4.93,4.93,4.93,0.0
20120514000000,5.01,5.01,5.01,5.01,0.0
20120515000000,5.03,5.03,5.03,5.03,0.0
20120516000000,5.09,5.09,5.09,5.09,0.0
20120517000000,5.1,5.1,5.1,5.1,0.0
20120518000000,5.12,5.12,5.12,5.12,0.0
20120519000000,5.1,5.1,5.1,5.1,0.0
20120520000000,5.09,5.09,5.09,5.09,0.0
20120521000000,5.1,5.1,5.1,5.1,0.0
20120522000000,5.1,5.1,5.1,5.1,0.0
20120523000000,5.14,5.14,5.14,5.14,0.0
20120524000000,5.12,5.12,5.12,5.12,0.0
20120525000000,5.15,5.15,5.15,5.15,0.0
20120526000000,5.1,5.1,5.1,5.1,0.0
20120527000000,5.14,5.14,5.14,5.14,0.0
20120528000000,5.14,5.14,5.14,5.14,0.0
20120529000000,5.15,5.15,5.15,5.15,0.0
20120530000000,5.13,5.13,5.13,5.13,0.0
20120531000000,5.18,5.18,5.18,5.18,0.0
20120601000000,5.27,5.27,5.27,5.27,0.0
20120602000000,5.25,5.25,5.25,5.25,0.0
20120603000000,5.21,5.21,5.21,5.21,0.0
20120604000000,5.27,5.27,5.27,5.27,0.0
20120605000000,5.44,5.44,5.44,5.44,0.0
20120606000000,5.46,5.46,5.46,5.46,0.0
20120607000000,5.59,5.59,5.59,5.59,0.0
20120608000000,5.63,5.63,5.63,5.63,0.0
20120609000000,5.56,5.56,5.56,5.56,0.0
20120610000000,5.47,5.47,5.47,5.47,0.0
20120611000000,5.57,5.57,5.57,5.57,0.0
20120612000000,5.7,5.7,5.7,5.7,0.0
20120613000000,5.93,5.93,5.93,5.93,0.0
20120614000000,5.95,5.95,5.95,5.95,0.0
20120615000000,6.5,6.5,6.5,6.5,0.0
20120616000000,6.4,6.4,6.4,6.4,0.0
20120617000000,6.16,6.16,6.16,6.16,0.0
20120618000000,6.31,6.31,6.31,6.31,0.0
20120619000000,6.5,6.5,6.5,6.5,0.0
20120620000000,6.67,6.67,6.67,6.67,0.0
20120621000000,6.68,6.68,6.68,6.68,0.0
20120622000000,6.55,6.55,6.55,6.55,0.0
20120623000000,6.43,6.43,6.43,6.43,0.0
20120624000000,6.35,6.35,6.35,6.35,0.0
20120625000000,6.3,6.3,6.3,6.3,0.0
20120626000000,6.42,6.42,6.42,6.42,0.0
20120627000000,6.65,6.65,6.65,6.65,0.0
20120628000000,6.61,6.61,6.61,6.61,0.0
20120629000000,6.65,6.65,6.65,6.65,0.0
20120630000000,6.69,6.69,6.69,6.69,0.0
20120701000000,6.63,6.63,6.63,6.63,0.0
20120702000000,6.76,6.76,6.76,6.76,0.0
20120703000000,6.45,6.45,6.45,6.45,0.0
20120704000000,6.51,6.51,6.51,6.51,0.0
20120705000000,6.67,6.67,6.67,6.67,0.0
20120706000000,6.65,6.65,6.65,6.65,0.0
20120707000000,6.76,6.76,6.76,6.76,0.0
20120708000000,6.8,6.8,6.8,6.8,0.0
20120709000000,7.02,7.02,7.02,7.02,0.0
20120710000000,7.2,7.2,7.2,7.2,0.0
20120711000000,7.15,7.15,7.15,7.15,0.0
20120712000000,7.76,7.76,7.76,7.76,0.0
20120713000000,7.67,7.67,7.67,7.67,0.0
20120714000000,7.54,7.54,7.54,7.54,0.0
20120715000000,7.62,7.62,7.62,7.62,0.0
20120716000000,8.5,8.5,8.5,8.5,0.0
20120717000000,8.8,8.8,8.8,8.8,0.0
20120718000000,9.11,9.11,9.11,9.11,0.0
20120719000000,8.87,8.87,8.87,8.87,0.0
20120720000000,8.52,8.52,8.52,8.52,0.0
20120721000000,8.85,8.85,8.85,8.85,0.0
20120722000000,8.41,8.41,8.41,8.41,0.0
20120723000000,8.45,8.45,8.45,8.45,0.0
20120724000000,8.6,8.6,8.6,8.6,0.0
20120725000000,8.8,8.8,8.8,8.8,0.0
20120726000000,8.9,8.9,8.9,8.9,0.0
20120727000000,8.9,8.9,8.9,8.9,0.0
20120728000000,8.89,8.89,8.89,8.89,0.0
20120729000000,8.71,8.71,8.71,8.71,0.0
20120730000000,9.1,9.1,9.1,9.1,0.0
20120731000000,9.35,9.35,9.35,9.35,0.0
20120801000000,9.55,9.55,9.55,9.55,0.0
20120802000000,10.53,10.53,10.53,10.53,0.0
20120803000000,10.97,10.97,10.97,10.97,0.0
20120804000000,10.98,10.98,10.98,10.98,0.0
20120805000000,10.87,10.87,10.87,10.87,0.0
20120806000000,10.86,10.86,10.86,10.86,0.0
20120807000000,11.1,11.1,11.1,11.1,0.0
20120808000000,11.06,11.06,11.06,11.06,0.0
20120809000000,11.06,11.06,11.06,11.06,0.0
20120810000000,11.39,11.39,11.39,11.39,0.0
20120811000000,11.51,11.51,11.51,11.51,0.0
20120812000000,11.62,11.62,11.62,11.62,0.0
20120813000000,12.04,12.04,12.04,12.04,0.0
20120814000000,12.19,12.19,12.19,12.19,0.0
20120815000000,13.25,13.25,13.25,13.25,0.0
20120816000000,13.5,13.5,13.5,13.5,0.0
20120817000000,11.58,11.58,11.58,11.58,0.0
20120818000000,11.61,11.61,11.61,11.61,0.0
20120819000000,8.0,8.0,8.0,8.0,0.0
20120820000000,10.1,10.1,10.1,10.1,0.0
20120821000000,9.91,9.91,9.91,9.91,0.0
20120822000000,9.81,9.81,9.81,9.81,0.0
20120823000000,10.1,10.1,10.1,10.1,0.0
20120824000000,10.6,10.6,10.6,10.6,0.0
20120825000000,10.52,10.52,10.52,10.52,0.0
20120826000000,10.61,10.61,10.61,10.61,0.0
20120827000000,10.95,10.95,10.95,10.95,0.0
20120828000000,10.94,10.94,10.94,10.94,0.0
20120829000000,10.92,10.92,10.92,10.92,0.0
20120830000000,10.78,10.78,10.78,10.78,0.0
20120831000000,10.16,10.16,10.16,10.16,0.0
20120901000000,9.97,9.97,9.97,9.97,0.0
20120902000000,10.2,10.2,10.2,10.2,0.0
20120903000000,10.53,10.53,10.53,10.53,0.0
20120904000000,10.38,10.38,10.38,10.38,0.0
20120905000000,11.0,11.0,11.0,11.0,0.0
20120906000000,11.18,11.18,11.18,11.18,0.0
20120907000000,11.0,11.0,11.0,11.0,0.0
20120908000000,11.04,11.04,11.04,11.04,0.0
20120909000000,11.02,11.02,11.02,11.02,0.0
20120910000000,11.17,11.17,11.17,11.17,0.0
20120911000000,11.33,11.33,11.33,11.33,0.0
20120912000000,11.36,11.36,11.36,11.36,0.0
20120913000000,11.4,11.4,11.4,11.4,0.0
20120914000000,11.67,11.67,11.67,11.67,0.0
20120915000000,11.75,11.75,11.75,11.75,0.0
20120916000000,11.87,11.87,11.87,11.87,0.0
20120917000000,11.89,11.89,11.89,11.89,0.0
20120918000000,12.25,12.25,12.25,12.25,0.0
20120919000000,12.57,12.57,12.57,12.57,0.0
20120920000000,12.28,12.28,12.28,12.28,0.0
20120921000000,12.37,12.37,12.37,12.37,0.0
20120922000000,12.24,12.24,12.24,12.24,0.0
20120923000000,12.19,12.19,12.19,12.19,0.0
20120924000000,12.1,12.1,12.1,12.1,0.0
20120925000000,12.2,12.2,12.2,12.2,0.0
20120926000000,12.27,12.27,12.27,12.27,0.0
20120927000000,12.31,12.31,12.31,12.31,0.0
20120928000000,12.39,12.39,12.39,12.39,0.0
20120929000000,12.36,12.36,12.36,12.36,0.0
20120930000000,12.4,12.4,12.4,12.4,0.0
20121001000000,12.4,12.4,12.4,12.4,0.0
20121002000000,12.84,12.84,12.84,12.84,0.0
20121003000000,12.89,12.89,12.89,12.89,0.0
20121004000000,12.85,12.85,12.85,12.85,0.0
20121005000000,12.69,12.69,12.69,12.69,0.0
20121006000000,12.5,12.5,12.5,12.5,0.0
20121007000000,11.8,11.8,11.8,11.8,0.0
20121008000000,11.78,11.78,11.78,11.78,0.0
20121009000000,11.89,11.89,11.89,11.89,0.0
20121010000000,12.12,12.12,12.12,12.12,0.0
20121011000000,12.03,12.03,12.03,12.03,0.0
20121012000000,12.0,12.0,12.0,12.0,0.0
20121013000000,11.86,11.86,11.86,11.86,0.0
20121014000000,11.74,11.74,11.74,11.74,0.0
20121015000000,11.84,11.84,11.84,11.84,0.0
20121016000000,11.85,11.85,11.85,11.85,0.0
20121017000000,11.81,11.81,11.81,11.81,0.0
20121018000000,11.94,11.94,11.94,11.94,0.0
20121019000000,11.74,11.74,11.74,11.74,0.0
20121020000000,11.74,11.74,11.74,11.74,0.0
20121021000000,11.63,11.63,11.63,11.63,0.0
20121022000000,11.71,11.71,11.71,11.71,0.0
20121023000000,11.65,11.65,11.65,11.65,0.0
20121024000000,11.65,11.65,11.65,11.65,0.0
20121025000000,10.86,10.86,10.86,10.86,0.0
20121026000000,10.17,10.17,10.17,10.17,0.0
20121027000000,10.26,10.26,10.26,10.26,0.0
20121028000000,10.7,10.7,10.7,10.7,0.0
20121029000000,10.6,10.6,10.6,10.6,0.0
20121030000000,10.89,10.89,10.89,10.89,0.0
20121031000000,11.2,11.2,11.2,11.2,0.0
20121101000000,10.57,10.57,10.57,10.57,0.0
20121102000000,10.47,10.47,10.47,10.47,0.0
20121103000000,10.64,10.64,10.64,10.64,0.0
20121104000000,10.8,10.8,10.8,10.8,0.0
20121105000000,10.75,10.75,10.75,10.75,0.0
20121106000000,10.9,10.9,10.9,10.9,0.0
20121107000000,10.92,10.92,10.92,10.92,0.0
20121108000000,10.92,10.92,10.92,10.92,0.0
20121109000000,10.81,10.81,10.81,10.81,0.0
20121110000000,10.89,10.89,10.89,10.89,0.0
20121111000000,10.87,10.87,10.87,10.87,0.0
20121112000000,11.01,11.01,11.01,11.01,0.0
20121113000000,10.95,10.95,10.95,10.95,0.0
20121114000000,10.95,10.95,10.95,10.95,0.0
20121115000000,11.2,11.2,11.2,11.2,0.0
20121116000000,11.75,11.75,11.75,11.75,0.0
20121117000000,11.79,11.79,11.79,11.79,0.0
20121118000000,11.65,11.65,11.65,11.65,0.0
20121119000000,11.8,11.8,11.8,11.8,0.0
20121120000000,11.73,11.73,11.73,11.73,0.0
20121121000000,11.77,11.77,11.77,11.77,0.0
20121122000000,12.42,12.42,12.42,12.42,0.0
20121123000000,12.34,12.34,12.34,12.34,0.0
20121124000000,12.41,12.41,12.41,12.41,0.0
20121125000000,12.48,12.48,12.48,12.48,0.0
20121126000000,12.25,12.25,12.25,12.25,0.0
20121127000000,12.2,12.2,12.2,12.2,0.0
20121128000000,12.35,12.35,12.35,12.35,0.0
20121129000000,12.45,12.45,12.45,12.45,0.0
20121130000000,12.56,12.56,12.56,12.56,0.0
20121201000000,12.56,12.56,12.56,12.56,0.0
20121202000000,12.5,12.5,12.5,12.5,0.0
20121203000000,12.68,12.68,12.68,12.68,0.0
20121204000000,13.41,13.41,13.41,13.41,0.0
20121205000000,13.38,13.38,13.38,13.38,0.0
20121206000000,13.3,13.3,13.3,13.3,0.0
20121207000000,13.5,13.5,13.5,13.5,0.0
20121208000000,13.42,13.42,13.42,13.42,0.0
20121209000000,13.39,13.39,13.39,13.39,0.0
20121210000000,13.43,13.43,13.43,13.43,0.0
20121211000000,13.56,13.56,13.56,13.56,0.0
20121212000000,13.7,13.7,13.7,13.7,0.0
20121213000000,13.7,13.7,13.7,13.7,0.0
20121214000000,13.6,13.6,13.6,13.6,0.0
20121215000000,13.49,13.49,13.49,13.49,0.0
20121216000000,13.3,13.3,13.3,13.3,0.0
20121217000000,13.25,13.25,13.25,13.25,0.0
20121218000000,13.3,13.3,13.3,13.3,0.0
20121219000000,13.6,13.6,13.6,13.6,0.0
20121220000000,13.52,13.52,13.52,13.52,0.0
20121221000000,13.5,13.5,13.5,13.5,0.0
20121222000000,13.37,13.37,13.37,13.37,0.0
20121223000000,13.31,13.31,13.31,13.31,0.0
20121224000000,13.38,13.38,13.38,13.38,0.0
20121225000000,13.35,13.35,13.35,13.35,0.0
20121226000000,13.47,13.47,13.47,13.47,0.0
20121227000000,13.42,13.42,13.42,13.42,0.0
20121228000000,13.42,13.42,13.42,13.42,0.0
20121229000000,13.4,13.4,13.4,13.4,0.0
20121230000000,13.45,13.45,13.45,13.45,0.0
20121231000000,13.51,13.51,13.51,13.51,0.0
20130101000000,13.3,13.3,13.3,13.3,0.0
20130102000000,13.28,13.28,13.28,13.28,0.0
20130103000000,13.4,13.4,13.4,13.4,0.0
20130104000000,13.5,13.5,13.5,13.5,0.0
20130105000000,13.44,13.44,13.44,13.44,0.0
20130106000000,13.45,13.45,13.45,13.45,0.0
20130107000000,13.59,13.59,13.59,13.59,0.0
20130108000000,13.74,13.74,13.74,13.74,0.0
20130109000000,13.77,13.77,13.77,13.77,0.0
20130110000000,14.14,14.14,14.14,14.14,0.0
20130111000000,14.14,14.14,14.14,14.14,0.0
20130112000000,14.24,14.24,14.24,14.24,0.0
20130113000000,14.12,14.12,14.12,14.12,0.0
20130114000000,14.3,14.3,14.3,14.3,0.0
20130115000000,14.25,14.25,14.25,14.25,0.0
20130116000000,14.73,14.73,14.73,14.73,0.0
20130117000000,15.5,15.5,15.5,15.5,0.0
20130118000000,15.7,15.7,15.7,15.7,0.0
20130119000000,15.61,15.61,15.61,15.61,0.0
20130120000000,15.7,15.7,15.7,15.7,0.0
20130121000000,16.8,16.8,16.8,16.8,0.0
20130122000000,17.26,17.26,17.26,17.26,0.0
20130123000000,17.5,17.5,17.5,17.5,0.0
20130124000000,16.9,16.9,16.9,16.9,0.0
20130125000000,17.4,17.4,17.4,17.4,0.0
20130126000000,17.88,17.88,17.88,17.88,0.0
20130127000000,17.82,17.82,17.82,17.82,0.0
20130128000000,18.72,18.72,18.72,18.72,0.0
20130129000000,19.53,19.53,19.53,19.53,0.0
20130130000000,19.7,19.7,19.7,19.7,0.0
20130131000000,20.41,20.41,20.41,20.41,0.0
20130201000000,20.5,20.5,20.5,20.5,0.0
20130202000000,19.63,19.63,19.63,19.63,0.0
20130203000000,20.59,20.59,20.59,20.59,0.0
20130204000000,20.43,20.43,20.43,20.43,0.0
20130205000000,20.6,20.6,20.6,20.6,0.0
20130206000000,21.18,21.18,21.18,21.18,0.0
20130207000000,22.15,22.15,22.15,22.15,0.0
20130208000000,22.66,22.66,22.66,22.66,0.0
20130209000000,23.65,23.65,23.65,23.65,0.0
20130210000000,23.97,23.97,23.97,23.97,0.0
20130211000000,24.65,24.65,24.65,24.65,0.0
20130212000000,25.17,25.17,25.17,25.17,0.0
20130213000000,24.2,24.2,24.2,24.2,0.0
20130214000000,27.22,27.22,27.22,27.22,0.0
20130215000000,27.1,27.1,27.1,27.1,0.0
20130216000000,27.22,27.22,27.22,27.22,0.0
20130217000000,26.81,26.81,26.81,26.81,0.0
20130218000000,26.95,26.95,26.95,26.95,0.0
20130219000000,29.42,29.42,29.42,29.42,0.0
20130220000000,29.64,29.64,29.64,29.64,0.0
20130221000000,29.75,29.75,29.75,29.75,0.0
20130222000000,30.25,30.25,30.25,30.25,0.0
20130223000000,29.8,29.8,29.8,29.8,0.0
20130224000000,29.89,29.89,29.89,29.89,0.0
20130225000000,30.4,30.4,30.4,30.4,0.0
20130226000000,31.1,31.1,31.1,31.1,0.0
20130227000000,30.9,30.9,30.9,30.9,0.0
20130228000000,33.38,33.38,33.38,33.38,0.0
20130301000000,34.5,34.5,34.5,34.5,0.0
20130302000000,34.25,34.25,34.25,34.25,0.0
20130303000000,34.5,34.5,34.5,34.5,0.0
20130304000000,36.15,36.15,36.15,36.15,0.0
20130305000000,40.33,40.33,40.33,40.33,0.0
20130306000000,41.02,41.02,41.02,41.02,0.0
20130307000000,42.0,42.0,42.0,42.0,0.0
20130308000000,44.18,44.18,44.18,44.18,0.0
20130309000000,46.85,46.85,46.85,46.85,0.0
20130310000000,46.0,46.0,46.0,46.0,0.0
20130311000000,48.4,48.4,48.4,48.4,0.0
20130312000000,44.29,44.29,44.29,44.29,0.0
20130313000000,46.92,46.92,46.92,46.92,0.0
20130314000000,47.17,47.17,47.17,47.17,0.0
20130315000000,46.95,46.95,46.95,46.95,0.0
20130316000000,47.0,47.0,47.0,47.0,0.0
20130317000000,47.4,47.4,47.4,47.4,0.0
20130318000000,51.6,51.6,51.6,51.6,0.0
20130319000000,59.14,59.14,59.14,59.14,0.0
20130320000000,64.49,64.49,64.49,64.49,0.0
20130321000000,70.85,70.85,70.85,70.85,0.0
20130322000000,69.86,69.86,69.86,69.86,0.0
20130323000000,64.35,64.35,64.35,64.35,0.0
20130324000000,71.5,71.5,71.5,71.5,0.0
20130325000000,73.6,73.6,73.6,73.6,0.0
20130326000000,78.5,78.5,78.5,78.5,0.0
20130327000000,88.92,88.92,88.92,88.92,0.0
20130328000000,86.18,86.18,86.18,86.18,0.0
20130329000000,90.5,90.5,90.5,90.5,0.0
20130330000000,92.19,92.19,92.19,92.19,0.0
20130331000000,93.03,93.03,93.03,93.03,0.0
20130401000000,104.0,104.0,104.0,104.0,0.0
20130402000000,117.98,117.98,117.98,117.98,0.0
20130403000000,135.0,135.0,135.0,135.0,0.0
20130404000000,132.12,132.12,132.12,132.12,0.0
20130405000000,142.32,142.32,142.32,142.32,0.0
20130406000000,142.63,142.63,142.63,142.63,0.0
20130407000000,162.3,162.3,162.3,162.3,0.0
20130408000000,187.5,187.5,187.5,187.5,0.0
20130409000000,230.0,230.0,230.0,230.0,0.0
20130410000000,165.0,165.0,165.0,165.0,0.0
20130411000000,124.9,124.9,124.9,124.9,0.0
20130412000000,117.0,117.0,117.0,117.0,0.0
20130413000000,93.0,93.0,93.0,93.0,0.0
20130414000000,90.0,90.0,90.0,90.0,0.0
20130415000000,82.39,82.39,82.39,82.39,0.0
20130416000000,68.36,68.36,68.36,68.36,0.0
20130417000000,93.07,93.07,93.07,93.07,0.0
20130418000000,109.01,109.01,109.01,109.01,0.0
20130419000000,118.48,118.48,118.48,118.48,0.0
20130420000000,126.62,126.62,126.62,126.62,0.0
20130421000000,119.2,119.2,119.2,119.2,0.0
20130422000000,127.4,127.4,127.4,127.4,0.0
20130423000000,143.47,143.47,143.47,143.47,0.0
20130424000000,154.2,154.2,154.2,154.2,0.0
20130425000000,141.71,141.71,141.71,141.71,0.0
20130426000000,136.9,136.9,136.9,136.9,0.0
20130427000000,128.0,128.0,128.0,128.0,0.0
20130428000000,134.44,134.44,134.44,134.44,0.0
20130429000000,144.0,144.0,144.0,144.0,0.0
20130430000000,139.23,139.23,139.23,139.23,0.0
20130501000000,116.38,116.38,116.38,116.38,0.0
20130502000000,106.25,106.25,106.25,106.25,0.0
20130503000000,98.1,98.1,98.1,98.1,0.0
20130504000000,112.9,112.9,112.9,112.9,0.0
20130505000000,115.98,115.98,115.98,115.98,0.0
20130506000000,112.25,112.25,112.25,112.25,0.0
20130507000000,109.6,109.6,109.6,109.6,0.0
20130508000000,113.2,113.2,113.2,113.2,0.0
20130509000000,112.8,112.8,112.8,112.8,0.0
20130510000000,117.7,117.7,117.7,117.7,0.0
20130511000000,115.64,115.64,115.64,115.64,0.0
20130512000000,114.82,114.82,114.82,114.82,0.0
20130513000000,117.98,117.98,117.98,117.98,0.0
20130514000000,111.4,111.4,111.4,111.4,0.0
20130515000000,114.22,114.22,114.22,114.22,0.0
20130516000000,118.21,118.21,118.21,118.21,0.0
20130517000000,123.5,123.5,123.5,123.5,0.0
20130518000000,123.21,123.21,123.21,123.21,0.0
20130519000000,122.5,122.5,122.5,122.5,0.0
20130520000000,122.02,122.02,122.02,122.02,0.0
20130521000000,122.89,122.89,122.89,122.89,0.0
20130522000000,123.8,123.8,123.8,123.8,0.0
20130523000000,126.3,126.3,126.3,126.3,0.0
20130524000000,133.1,133.1,133.1,133.1,0.0
20130525000000,131.99,131.99,131.99,131.99,0.0
20130526000000,133.5,133.5,133.5,133.5,0.0
20130527000000,129.77,129.77,129.77,129.77,0.0
20130528000000,129.0,129.0,129.0,129.0,0.0
20130529000000,132.25,132.25,132.25,132.25,0.0
20130530000000,128.8,128.8,128.8,128.8,0.0
20130531000000,128.82,128.82,128.82,128.82,0.0
20130601000000,129.3,129.3,129.3,129.3,0.0
20130602000000,122.5,122.5,122.5,122.5,0.0
20130603000000,120.74,120.74,120.74,120.74,0.0
20130604000000,121.4,121.4,121.4,121.4,0.0
20130605000000,121.9,121.9,121.9,121.9,0.0
20130606000000,118.97,118.97,118.97,118.97,0.0
20130607000000,111.0,111.0,111.0,111.0,0.0
20130608000000,107.89,107.89,107.89,107.89,0.0
20130609000000,100.44,100.44,100.44,100.44,0.0
20130610000000,106.35,106.35,106.35,106.35,0.0
20130611000000,109.0,109.0,109.0,109.0,0.0
20130612000000,108.78,108.78,108.78,108.78,0.0
20130613000000,103.95,103.95,103.95,103.95,0.0
20130614000000,100.0,100.0,100.0,100.0,0.0
20130615000000,99.8,99.8,99.8,99.8,0.0
20130616000000,99.9,99.9,99.9,99.9,0.0
20130617000000,101.95,101.95,101.95,101.95,0.0
20130618000000,107.35,107.35,107.35,107.35,0.0
20130619000000,108.25,108.25,108.25,108.25,0.0
20130620000000,111.29,111.29,111.29,111.29,0.0
20130621000000,109.5,109.5,109.5,109.5,0.0
20130622000000,108.2,108.2,108.2,108.2,0.0
20130623000000,107.9,107.9,107.9,107.9,0.0
20130624000000,102.09,102.09,102.09,102.09,0.0
20130625000000,103.33,103.33,103.33,103.33,0.0
20130626000000,104.0,104.0,104.0,104.0,0.0
20130627000000,101.74,101.74,101.74,101.74,0.0
20130628000000,94.66,94.66,94.66,94.66,0.0
20130629000000,95.0,95.0,95.0,95.0,0.0
20130630000000,97.51,97.51,97.51,97.51,0.0
20130701000000,84.61,84.61,84.61,84.61,0.0
20130702000000,87.66,87.66,87.66,87.66,0.0
20130703000000,76.89,76.89,76.89,76.89,0.0
20130704000000,77.68,77.68,77.68,77.68,0.0
20130705000000,66.34,66.34,66.34,66.34,0.0
20130706000000,66.85,66.85,66.85,66.85,0.0
20130707000000,72.51,72.51,72.51,72.51,0.0
20130708000000,74.56,74.56,74.56,74.56,0.0
20130709000000,74.22,74.22,74.22,74.22,0.0
20130710000000,84.51,84.51,84.51,84.51,0.0
20130711000000,91.22,91.22,91.22,91.22,0.0
20130712000000,88.46,88.46,88.46,88.46,0.0
20130713000000,91.39,91.39,91.39,91.39,0.0
20130714000000,90.37,90.37,90.37,90.37,0.0
20130715000000,93.14,93.14,93.14,93.14,0.0
20130716000000,92.74,92.74,92.74,92.74,0.0
20130717000000,90.54,90.54,90.54,90.54,0.0
20130718000000,85.43,85.43,85.43,85.43,0.0
20130719000000,85.78,85.78,85.78,85.78,0.0
20130720000000,85.67,85.67,85.67,85.67,0.0
20130721000000,85.47,85.47,85.47,85.47,0.0
20130722000000,86.09,86.09,86.09,86.09,0.0
20130723000000,86.94,86.94,86.94,86.94,0.0
20130724000000,87.46,87.46,87.46,87.46,0.0
20130725000000,89.41,89.41,89.41,89.41,0.0
20130726000000,90.63,90.63,90.63,90.63,0.0
20130727000000,89.1,89.1,89.1,89.1,0.0
20130728000000,92.1,92.1,92.1,92.1,0.0
20130729000000,93.3,93.3,93.3,93.3,0.0
20130730000000,96.31,96.31,96.31,96.31,0.0
20130731000000,97.91,97.91,97.91,97.91,0.0
20130801000000,96.42,96.42,96.42,96.42,0.0
20130802000000,97.24,97.24,97.24,97.24,0.0
20130803000000,96.66,96.66,96.66,96.66,0.0
20130804000000,96.6,96.6,96.6,96.6,0.0
20130805000000,96.92,96.92,96.92,96.92,0.0
20130806000000,97.13,97.13,97.13,97.13,0.0
20130807000000,96.92,96.92,96.92,96.92,0.0
20130808000000,94.77,94.77,94.77,94.77,0.0
20130809000000,93.36,93.36,93.36,93.36,0.0
20130810000000,93.29,93.29,93.29,93.29,0.0
20130811000000,94.16,94.16,94.16,94.16,0.0
20130812000000,95.08,95.08,95.08,95.08,0.0
20130813000000,97.9,97.9,97.9,97.9,0.0
20130814000000,97.96,97.96,97.96,97.96,0.0
20130815000000,97.54,97.54,97.54,97.54,0.0
20130816000000,98.33,98.33,98.33,98.33,0.0
20130817000000,99.56,99.56,99.56,99.56,0.0
20130818000000,98.84,98.84,98.84,98.84,0.0
20130819000000,102.3,102.3,102.3,102.3,0.0
20130820000000,105.01,105.01,105.01,105.01,0.0
20130821000000,111.44,111.44,111.44,111.44,0.0
20130822000000,109.73,109.73,109.73,109.73,0.0
20130823000000,107.55,107.55,107.55,107.55,0.0
20130824000000,108.69,108.69,108.69,108.69,0.0
20130825000000,111.79,111.79,111.79,111.79,0.0
20130826000000,112.23,112.23,112.23,112.23,0.0
20130827000000,117.45,117.45,117.45,117.45,0.0
20130828000000,117.59,117.59,117.59,117.59,0.0
20130829000000,117.52,117.52,117.52,117.52,0.0
20130830000000,123.23,123.23,123.23,123.23,0.0
20130831000000,129.46,129.46,129.46,129.46,0.0
20130901000000,128.26,128.26,128.26,128.26,0.0
20130902000000,127.36,127.36,127.36,127.36,0.0
20130903000000,127.59,127.59,127.59,127.59,0.0
20130904000000,120.57,120.57,120.57,120.57,0.0
20130905000000,120.53,120.53,120.53,120.53,0.0
20130906000000,116.32,116.32,116.32,116.32,0.0
20130907000000,119.05,119.05,119.05,119.05,0.0
20130908000000,116.59,116.59,116.59,116.59,0.0
20130909000000,120.02,120.02,120.02,120.02,0.0
20130910000000,121.46,121.46,121.46,121.46,0.0
20130911000000,125.45,125.45,125.45,125.45,0.0
20130912000000,125.76,125.76,125.76,125.76,0.0
20130913000000,126.51,126.51,126.51,126.51,0.0
20130914000000,124.08,124.08,124.08,124.08,0.0
20130915000000,124.58,124.58,124.58,124.58,0.0
20130916000000,125.06,125.06,125.06,125.06,0.0
20130917000000,125.97,125.97,125.97,125.97,0.0
20130918000000,126.3,126.3,126.3,126.3,0.0
20130919000000,124.19,124.19,124.19,124.19,0.0
20130920000000,122.9,122.9,122.9,122.9,0.0
20130921000000,122.64,122.64,122.64,122.64,0.0
20130922000000,122.65,122.65,122.65,122.65,0.0
20130923000000,122.22,122.22,122.22,122.22,0.0
20130924000000,122.54,122.54,122.54,122.54,0.0
20130925000000,123.42,123.42,123.42,123.42,0.0
20130926000000,123.48,123.48,123.48,123.48,0.0
20130927000000,123.5,123.5,123.5,123.5,0.0
20130928000000,124.75,124.75,124.75,124.75,0.0
20130929000000,125.18,125.18,125.18,125.18,0.0
20130930000000,123.1,123.1,123.1,123.1,0.0
20131001000000,125.49,125.49,125.49,125.49,0.0
20131002000000,99.81,99.81,99.81,99.81,0.0
20131003000000,116.82,116.82,116.82,116.82,0.0
20131004000000,121.29,121.29,121.29,121.29,0.0
20131005000000,121.14,121.14,121.14,121.14,0.0
20131006000000,121.68,121.68,121.68,121.68,0.0
20131007000000,123.24,123.24,123.24,123.24,0.0
20131008000000,124.32,124.32,124.32,124.32,0.0
20131009000000,125.84,125.84,125.84,125.84,0.0
20131010000000,125.7,125.7,125.7,125.7,0.0
20131011000000,125.51,125.51,125.51,125.51,0.0
20131012000000,126.52,126.52,126.52,126.52,0.0
20131013000000,130.42,130.42,130.42,130.42,0.0
20131014000000,133.04,133.04,133.04,133.04,0.0
20131015000000,138.64,138.64,138.64,138.64,0.0
20131016000000,137.42,137.42,137.42,137.42,0.0
20131017000000,142.73,142.73,142.73,142.73,0.0
20131018000000,149.59,149.59,149.59,149.59,0.0
20131019000000,159.81,159.81,159.81,159.81,0.0
20131020000000,163.06,163.06,163.06,163.06,0.0
20131021000000,174.18,174.18,174.18,174.18,0.0
20131022000000,183.86,183.86,183.86,183.86,0.0
20131023000000,200.62,200.62,200.62,200.62,0.0
20131024000000,183.15,183.15,183.15,183.15,0.0
20131025000000,178.12,178.12,178.12,178.12,0.0
20131026000000,175.9,175.9,175.9,175.9,0.0
20131027000000,185.69,185.69,185.69,185.69,0.0
20131028000000,187.87,187.87,187.87,187.87,0.0
20131029000000,198.19,198.19,198.19,198.19,0.0
20131030000000,194.55,194.55,194.55,194.55,0.0
20131031000000,198.23,198.23,198.23,198.23,0.0
20131101000000,198.51,198.51,198.51,198.51,0.0
20131102000000,200.85,200.85,200.85,200.85,0.0
20131103000000,207.63,207.63,207.63,207.63,0.0
20131104000000,225.2,225.2,225.2,225.2,0.0
20131105000000,239.29,239.29,239.29,239.29,0.0
20131106000000,253.69,253.69,253.69,253.69,0.0
20131107000000,283.3,283.3,283.3,283.3,0.0
20131108000000,323.77,323.77,323.77,323.77,0.0
20131109000000,336.14,336.14,336.14,336.14,0.0
20131110000000,311.9,311.9,311.9,311.9,0.0
20131111000000,342.84,342.84,328.85,338.57,0.0
20131112000000,343.26,355.26,341.88,350.16,0.0
20131113000000,366.81,387.73,356.36,387.73,0.0
20131114000000,396.21,419.5,393.69,418.0,0.0
20131115000000,419.07,436.06,400.0,400.0,0.0
20131116000000,412.03,436.05,398.44,435.27,0.0
20131117000000,435.87,473.27,435.87,473.27,0.0
20131118000000,461.0,590.64,461.0,585.16,0.0
20131119000000,600.0,690.89,418.36,599.0,0.0
20131120000000,504.9,550.0,425.06,550.0,0.0
20131121000000,587.0,700.0,580.0,700.0,0.0
20131122000000,680.0,760.0,680.0,760.0,0.0
20131123000000,800.2,842.2,769.92,842.2,0.0
20131124000000,746.86,813.72,746.86,813.72,0.0
20131125000000,785.93,789.02,782.77,782.77,0.0
20131126000000,790.24,849.57,778.0,849.57,0.0
20131127000000,863.9,948.87,855.0,948.0,0.0
20131128000000,10.0,955.0,1.0,1.0,0.0
20131129000000,107.51,1.0,30.0,1.0,0.0
20131130000000,112.35,1.0,105.08,1.0,0.0
20131201000000,998.06,998.06,903.0,955.0,0.0
20131202000000,997.87,1.0,31.09,998.07,0.0
20131203000000,47.98,1.0,47.98,1.0,0.0
20131204000000,145.0,1.0,65.46,1.0,0.0
20131205000000,30.58,1.0,129.8,1.0,0.0
20131206000000,1.0,28.15,1.0,872.56,0.0
20131207000000,833.26,1.0,200.0,800.57,0.0
20131208000000,717.13,758.47,682.22,730.0,0.0
20131209000000,871.4,945.02,849.42,935.79,0.0
20131210000000,23.0,967.18,1.0,1.0,0.0
20131211000000,1.0,5.59,1.0,921.78,0.0
20131212000000,878.9,915.0,878.9,900.53,0.0
20131213000000,911.0,954.0,909.08,912.55,0.0
20131214000000,904.0,909.73,889.01,897.95,0.0
20131215000000,891.23,891.23,850.0,864.87,0.0
20131216000000,896.76,896.76,699.55,704.77,0.0
20131217000000,712.17,759.83,643.93,731.94,0.0
20131218000000,668.84,668.84,408.74,551.38,0.0
20131219000000,545.59,716.43,521.0,702.03,0.0
20131220000000,702.03,731.96,599.0,599.0,0.0
20131221000000,655.41,656.69,589.0,607.68,0.0
20131222000000,590.0,669.62,590.0,622.1,0.0
20131223000000,650.18,653.2,640.37,640.37,0.0
20131224000000,661.96,668.75,646.82,647.33,0.0
20131226000000,680.0,741.32,680.0,740.0,0.0
20131227000000,757.53,757.75,708.98,718.89,0.0
20131228000000,726.0,732.0,701.0,701.0,0.0
20131229000000,710.66,714.29,710.66,714.29,0.0
20131230000000,735.0,740.0,730.21,737.24,0.0
20131231000000,731.5,731.5,715.72,727.71,0.0
20140101000000,740.0,757.0,733.53,740.3,0.0
20140102000000,746.22,775.0,740.18,775.0,0.0
20140103000000,801.0,812.05,801.0,812.05,0.0
20140104000000,806.5,806.5,801.84,801.84,0.0
20140105000000,839.46,904.0,839.46,904.0,0.0
20140106000000,910.0,950.0,900.0,934.55,0.0
20140107000000,928.69,928.69,791.0,791.0,0.0
20140108000000,781.0,838.05,771.0,828.54,0.0
20140109000000,833.72,850.0,794.93,850.0,0.0
20140110000000,832.98,834.75,832.98,834.75,0.0
20140111000000,899.0,900.27,895.0,896.88,0.0
20140112000000,892.0,892.0,888.1,888.1,0.0
20140113000000,846.59,857.28,818.4,818.4,0.0
20140114000000,827.84,833.41,815.12,826.85,0.0
20140115000000,835.55,842.19,833.74,839.73,0.0
20140116000000,847.06,847.06,822.42,824.0,0.0
20140117000000,820.0,820.69,789.0,789.0,0.0
20140118000000,810.0,815.0,799.0,800.0,0.0
20140119000000,819.0,830.0,814.23,830.0,0.0
20140120000000,831.01,831.01,795.23,823.35,0.0
20140121000000,810.0,824.72,794.21,810.0,0.0
20140122000000,807.0,807.0,807.0,807.0,0.0
20140123000000,819.0,820.0,804.28,816.21,0.0
20140124000000,800.0,800.0,773.18,781.87,0.0
20140125000000,795.83,810.0,789.44,810.0,0.0
20140126000000,804.18,823.92,731.0,809.65,0.0
20140127000000,810.94,810.94,757.0,760.29,0.0
20140128000000,779.78,812.04,770.0,795.0,0.0
20140129000000,788.99,800.0,783.57,800.0,0.0
20140130000000,794.37,803.95,785.37,803.95,0.0
20140131000000,801.67,803.29,791.8,800.0,0.0
20140201000000,801.93,814.65,801.93,814.65,0.0
20140203000000,806.78,814.12,801.67,810.0,0.0
20140204000000,810.8,813.23,808.27,813.0,0.0
20140205000000,807.0,808.0,791.0,791.0,0.0
20140206000000,793.0,793.0,768.0,771.55,0.0
20140207000000,750.27,755.05,677.0,720.0,0.0
20140208000000,700.0,716.45,690.0,690.0,0.0
20140209000000,702.59,720.0,702.59,710.0,0.0
20140210000000,720.0,739.0,642.0,706.32,0.0
20140211000000,739.0,761.66,653.26,658.87,0.0
20140212000000,691.13,691.13,650.0,685.0,0.0
20140213000000,671.94,671.94,630.0,634.26,0.0
20140214000000,622.0,724.0,565.2,682.0,0.0
20140215000000,652.89,655.69,650.0,653.38,0.0
20140216000000,650.0,650.0,608.0,608.0,0.0
20140217000000,626.0,663.85,626.0,663.85,0.0
20140218000000,660.0,660.0,622.0,628.0,0.0
20140219000000,634.18,637.99,628.0,630.41,0.0
20140220000000,633.0,633.0,574.81,578.88,0.0
20140221000000,565.2,591.5,548.51,568.0,0.0
20140222000000,587.61,602.77,563.74,595.22,0.0
20140223000000,597.73,624.05,597.73,619.0,0.0
20140224000000,597.27,597.27,562.43,562.43,0.0
20140225000000,554.0,567.0,425.0,515.0,0.0
20140226000000,548.67,594.47,544.0,582.0,0.0
20140227000000,592.53,592.53,565.72,579.0,0.0
20140228000000,575.48,590.3,544.89,565.0,0.0
20140301000000,565.0,571.77,560.0,568.21,0.0
20140302000000,570.9,583.49,560.0,560.62,0.0
20140303000000,571.5,685.0,569.74,658.0,0.0
20140304000000,654.72,675.0,652.62,668.0,0.0
20140305000000,658.0,675.8,658.0,675.0,0.0
20140306000000,673.44,675.0,657.0,663.0,0.0
20140307000000,663.0,663.0,614.0,621.0,0.0
20140308000000,621.0,621.0,600.25,614.14,0.0
20140309000000,610.48,621.0,609.37,621.0,0.0
20140310000000,621.0,621.0,612.84,615.0,0.0
20140311000000,615.0,615.0,613.5,615.0,0.0
20140312000000,615.0,650.0,615.0,650.0,0.0
20140313000000,633.51,645.14,633.51,641.99,0.0
20140314000000,632.93,638.97,630.0,630.0,0.0
20140315000000,636.89,641.64,636.89,641.64,0.0
20140316000000,640.1,640.1,635.01,635.01,0.0
20140317000000,635.0,635.7,624.0,624.33,0.0
20140318000000,623.08,623.89,610.89,618.37,0.0
20140319000000,622.9,622.92,611.0,611.0,0.0
20140320000000,610.0,639.21,583.48,583.48,0.0
20140321000000,581.0,605.42,568.8,568.8,0.0
20140322000000,560.0,562.86,550.0,560.0,0.0
20140323000000,570.3,570.3,566.2,566.2,0.0
20140324000000,560.38,590.0,552.0,590.0,0.0
20140325000000,586.58,586.66,579.1,582.01,0.0
20140326000000,580.0,595.0,570.0,595.0,0.0
20140327000000,582.4,589.33,498.53,498.53,0.0
20140328000000,525.0,525.0,490.0,497.44,0.0
20140329000000,506.17,507.0,490.98,491.92,0.0
20140330000000,493.01,493.01,440.35,464.1,0.0
20140331000000,478.6,485.0,443.13,452.0,0.0
20140401000000,460.32,486.0,451.44,482.83,0.0
20140402000000,479.18,490.51,435.79,443.33,0.0
20140403000000,440.61,462.05,422.0,448.78,0.0
20140404000000,441.5,458.13,434.17,449.99,0.0
20140405000000,453.0,460.8,445.19,460.8,0.0
20140406000000,463.3,463.3,453.69,453.69,0.0
20140407000000,460.21,463.62,445.0,454.2,0.0
20140408000000,454.5,458.25,448.75,448.75,0.0
20140409000000,454.97,454.97,440.0,442.5,0.0
20140410000000,440.24,440.24,370.0,370.0,0.0
20140411000000,355.0,427.0,325.0,416.26,0.0
20140412000000,417.75,430.0,412.0,415.0,0.0
20140413000000,415.0,415.0,404.22,404.22,0.0
20140414000000,403.15,464.0,403.15,459.0,0.0
20140415000000,453.36,515.0,453.36,515.0,0.0
20140416000000,510.0,522.79,499.0,522.25,0.0
20140417000000,519.55,522.25,491.0,500.71,0.0
20140418000000,499.39,504.37,483.57,490.54,0.0
20140419000000,488.17,510.0,484.71,505.0,0.0
20140420000000,510.0,512.45,510.0,512.45,0.0
20140421000000,509.0,510.0,495.77,497.0,0.0
20140422000000,499.5,501.0,488.0,488.0,0.0
20140423000000,494.86,494.86,480.0,490.21,0.0
20140424000000,486.0,497.5,480.0,497.5,0.0
20140425000000,493.08,494.37,446.22,460.0,0.0
20140426000000,467.35,470.49,453.86,459.0,0.0
20140427000000,460.0,460.5,441.45,441.45,0.0
20140428000000,434.0,448.0,433.0,448.0,0.0
20140429000000,438.72,450.0,431.54,434.0,0.0
20140430000000,446.0,450.0,440.5,448.27,0.0
20140501000000,450.81,463.0,450.78,459.0,0.0
20140502000000,459.01,459.63,447.0,453.5,0.0
20140503000000,452.0,452.0,432.61,440.54,0.0
20140504000000,439.53,440.63,430.87,430.87,0.0
20140505000000,436.41,439.88,426.5,427.01,0.0
20140506000000,426.55,431.5,419.77,430.0,0.0
20140507000000,430.0,448.72,425.89,438.0,0.0
20140508000000,440.0,447.0,439.51,442.8,0.0
20140509000000,440.0,452.01,439.49,446.0,0.0
20140510000000,452.0,452.25,449.1,451.1,0.0
20140511000000,449.63,449.63,430.55,432.0,0.0
20140512000000,434.55,441.0,433.0,440.0,0.0
20140513000000,439.0,439.0,433.68,437.25,0.0
20140514000000,437.25,444.0,432.0,444.0,0.0
20140515000000,440.0,442.0,438.0,441.99,0.0
20140516000000,442.0,443.0,442.0,442.28,0.0
20140517000000,443.0,443.0,435.37,441.97,0.0
20140518000000,438.0,438.75,436.27,438.75,0.0
20140519000000,434.75,440.0,423.75,438.97,0.0
20140520000000,440.0,480.0,440.0,475.95,0.0
20140521000000,480.0,480.0,475.79,477.65,0.0
20140522000000,476.55,507.0,475.75,502.3,0.0
20140523000000,507.0,529.79,500.8,509.55,0.0
20140524000000,500.0,505.0,500.0,502.3,0.0
20140525000000,507.83,572.0,507.83,566.15,0.0
20140526000000,569.0,580.1,563.2,575.0,0.0
20140527000000,575.59,580.02,557.66,570.0,0.0
20140528000000,570.0,580.04,563.41,577.01,0.0
20140529000000,570.0,575.01,567.88,572.99,0.0
20140530000000,590.0,629.0,590.0,629.0,0.0
20140531000000,621.0,635.6,618.62,635.6,0.0
20140601000000,638.0,687.35,625.0,646.5,0.0
20140602000000,647.06,675.0,623.94,669.5,0.0
20140603000000,673.07,693.89,665.0,682.88,0.0
20140604000000,681.25,681.25,640.0,652.29,0.0
20140605000000,651.83,670.0,650.0,663.25,0.0
20140606000000,661.0,666.0,654.65,655.0,0.0
20140607000000,646.75,663.0,646.75,663.0,0.0
20140608000000,664.85,668.2,660.0,662.35,0.0
20140609000000,663.93,663.93,653.0,653.73,0.0
20140610000000,653.97,663.0,647.0,653.64,0.0
20140611000000,657.25,657.25,637.1,637.1,0.0
20140612000000,636.0,640.1,569.09,590.01,0.0
20140613000000,586.93,615.58,570.0,582.59,0.0
20140614000000,584.0,584.48,545.33,554.37,0.0
20140615000000,565.0,571.78,549.31,571.0,0.0
20140616000000,580.85,601.0,580.0,580.0,0.0
20140617000000,578.85,614.25,577.02,614.25,0.0
20140618000000,615.5,621.08,603.79,611.5,0.0
20140619000000,608.01,613.75,600.26,602.0,0.0
20140620000000,595.86,603.0,591.0,601.0,0.0
20140621000000,597.32,601.61,592.21,601.61,0.0
20140622000000,605.0,620.0,605.0,607.8,0.0
20140623000000,609.65,609.66,592.5,599.25,0.0
20140624000000,595.87,595.87,585.0,587.28,0.0
20140625000000,585.0,585.0,568.07,568.07,0.0
20140626000000,573.5,578.75,572.0,577.9,0.0
20140627000000,582.73,606.18,582.0,606.18,0.0
20140628000000,602.54,610.47,600.1,600.1,0.0
20140629000000,603.04,606.98,601.0,603.65,0.0
20140630000000,605.53,646.0,605.53,640.01,0.0
20140701000000,650.0,662.0,643.9,650.77,0.0
20140702000000,650.58,654.91,641.0,647.9,0.0
20140703000000,649.46,652.0,640.72,643.62,0.0
20140704000000,649.98,650.0,628.51,632.24,0.0
20140705000000,635.0,636.0,630.0,630.0,0.0
20140706000000,634.6,636.81,630.49,633.25,0.0
20140707000000,630.5,635.0,615.0,624.0,0.0
20140708000000,623.26,626.0,611.06,618.5,0.0
20140709000000,620.7,624.7,616.25,620.24,0.0
20140710000000,618.5,620.0,608.5,610.0,0.0
20140711000000,610.0,625.5,609.91,625.5,0.0
20140712000000,625.07,630.0,623.0,626.0,0.0
20140713000000,626.0,626.0,621.51,624.0,0.0
20140714000000,621.72,624.0,616.0,622.4,0.0
20140715000000,621.33,624.0,617.9,620.87,0.0
20140716000000,620.0,631.68,614.04,621.04,0.0
20140717000000,622.0,631.14,619.0,627.6,0.0
20140718000000,626.41,627.46,616.75,627.46,0.0
20140719000000,627.17,627.17,618.0,625.25,0.0
20140720000000,623.25,623.25,617.0,618.91,0.0
20140721000000,621.0,621.75,605.0,619.79,0.0
20140722000000,620.0,624.0,605.54,612.59,0.0
20140723000000,611.96,618.6,609.98,617.21,0.0
20140724000000,616.84,616.86,593.2,600.31,0.0
20140725000000,600.93,605.33,595.0,598.0,0.0
20140726000000,598.96,598.96,590.15,594.0,0.0
20140727000000,594.29,595.0,589.99,590.5,0.0
20140728000000,585.0,587.99,571.0,586.38,0.0
20140729000000,579.99,585.71,566.23,575.0,0.0
20140730000000,575.37,575.83,550.0,551.0,0.0
20140731000000,554.0,586.0,553.5,579.04,0.0
20140801000000,578.0,606.1,100.0,594.92,0.0
20140802000000,593.31,593.31,583.68,587.75,0.0
20140803000000,583.86,583.86,578.34,582.06,0.0
20140804000000,583.14,587.81,581.11,581.11,0.0
20140805000000,581.95,583.99,574.19,574.95,0.0
20140806000000,575.25,583.7,574.26,577.5,0.0
20140807000000,577.51,583.35,577.51,582.25,0.0
20140808000000,582.93,587.63,582.93,586.41,0.0
20140809000000,583.03,583.91,581.29,583.3,0.0
20140810000000,581.86,586.41,580.0,580.0,0.0
20140811000000,582.71,583.15,572.5,572.5,0.0
20140812000000,570.0,570.55,563.0,566.0,0.0
20140813000000,567.57,567.69,530.52,549.0,0.0
20140814000000,549.0,549.0,503.0,510.0,0.0
20140815000000,517.25,525.0,489.99,506.23,0.0
20140816000000,502.68,527.78,489.49,527.17,0.0
20140817000000,525.39,527.01,490.13,501.32,0.0
20140818000000,504.17,506.67,462.37,478.2,0.0
20140819000000,470.0,498.0,470.0,490.3,0.0
20140820000000,492.07,524.99,471.74,516.98,0.0
20140821000000,515.62,528.99,509.97,515.87,0.0
20140822000000,518.37,521.5,502.0,515.57,0.0
20140823000000,510.5,511.58,498.95,500.15,0.0
20140824000000,500.69,512.78,500.0,507.3,0.0
20140825000000,506.31,511.0,498.2,502.5,0.0
20140826000000,507.0,514.65,505.47,508.43,0.0
20140827000000,512.94,518.0,510.99,510.99,0.0
20140828000000,512.04,513.33,506.6,507.75,0.0
20140829000000,506.01,510.07,503.0,507.52,0.0
20140830000000,506.86,506.86,499.0,499.0,0.0
20140831000000,503.07,503.99,482.27,483.37,0.0
20140901000000,487.35,489.49,479.09,485.83,0.0
20140902000000,481.6,485.83,475.0,476.79,0.0
20140903000000,478.5,478.85,473.35,474.04,0.0
20140904000000,473.7,494.28,473.27,489.2,0.0
20140905000000,487.07,488.61,477.59,477.59,0.0
20140906000000,481.39,485.0,479.59,481.32,0.0
20140907000000,481.14,483.62,479.73,479.73,0.0
20140908000000,476.7,478.11,462.17,470.43,0.0
20140909000000,470.95,475.45,463.33,472.66,0.0
20140910000000,474.01,487.0,473.3,477.33,0.0
20140911000000,479.64,480.75,470.1,477.09,0.0
20140912000000,475.68,477.85,467.75,471.81,0.0
20140913000000,471.2,480.75,470.79,478.1,0.0
20140914000000,477.16,479.1,474.3,476.49,0.0
20140915000000,476.49,478.79,469.9,469.9,0.0
20140916000000,466.8,475.11,464.35,465.13,0.0
20140917000000,465.72,469.0,450.35,456.77,0.0
20140918000000,456.7,459.97,412.02,427.18,0.0
20140919000000,426.8,428.39,389.88,395.27,0.0
20140920000000,396.48,427.27,392.55,411.59,0.0
20140921000000,409.34,412.52,394.19,400.69,0.0
20140922000000,400.1,406.18,394.0,397.67,0.0
20140923000000,398.87,440.5,395.42,429.13,0.0
20140924000000,426.68,430.0,408.6,420.41,0.0
20140925000000,420.59,420.6,404.0,409.09,0.0
20140926000000,411.23,414.79,397.0,402.97,0.0
20140927000000,400.42,405.0,395.12,397.25,0.0
20140928000000,398.77,399.43,369.95,374.71,0.0
20140929000000,376.75,383.0,367.26,369.6,0.0
20140930000000,374.17,392.13,371.99,387.14,0.0
20141001000000,387.02,388.96,377.04,383.0,0.0
20141002000000,383.08,385.45,370.29,371.74,0.0
20141003000000,371.52,375.08,356.35,357.69,0.0
20141004000000,359.63,364.75,322.4,328.66,0.0
20141005000000,327.61,341.16,285.12,322.45,0.0
20141006000000,320.24,345.48,303.15,323.84,0.0
20141007000000,330.52,334.56,315.78,330.97,0.0
20141008000000,332.06,351.0,324.98,350.04,0.0
20141009000000,349.09,375.69,345.99,363.45,0.0
20141010000000,363.7,375.0,352.44,359.51,0.0
20141011000000,358.85,366.0,352.25,361.27,0.0
20141012000000,361.93,375.0,354.29,372.03,0.0
20141013000000,367.11,391.03,363.29,383.35,0.0
20141014000000,387.95,405.8,385.93,397.94,0.0
20141015000000,392.72,397.9,379.28,393.46,0.0
20141016000000,395.0,395.0,372.19,379.29,0.0
20141017000000,380.68,385.71,371.91,380.25,0.0
20141018000000,379.11,391.75,377.04,390.0,0.0
20141019000000,386.3,389.1,384.28,386.25,0.0
20141020000000,385.93,386.75,374.61,380.98,0.0
20141021000000,380.73,387.75,378.22,382.84,0.0
20141022000000,382.85,385.46,379.73,379.96,0.0
20141023000000,379.73,381.0,352.99,355.98,0.0
20141024000000,356.12,359.94,349.0,356.15,0.0
20141025000000,356.75,357.55,342.28,347.41,0.0
20141026000000,346.76,356.27,344.03,349.99,0.0
20141027000000,351.13,355.0,346.49,350.65,0.0
20141028000000,351.16,353.22,349.01,353.1,0.0
20141029000000,352.22,352.28,333.2,333.2,0.0
20141030000000,334.56,350.64,333.04,343.85,0.0
20141031000000,344.91,346.45,336.57,337.0,0.0
20141101000000,337.66,338.43,321.7,327.18,0.0
20141102000000,327.0,329.41,321.27,322.5,0.0
20141103000000,324.27,335.5,323.25,323.56,0.0
20141104000000,323.56,330.17,321.75,326.9,0.0
20141105000000,330.75,341.0,321.0,337.55,0.0
20141106000000,337.77,349.68,335.5,348.5,0.0
20141107000000,348.5,350.0,341.07,341.5,0.0
20141108000000,341.99,344.99,340.5,344.99,0.0
20141109000000,343.69,360.0,342.52,360.0,0.0
20141110000000,359.98,372.5,355.0,367.97,0.0
20141111000000,366.53,367.21,361.32,367.0,0.0
20141112000000,375.0,431.11,375.0,417.87,0.0
20141113000000,428.34,445.0,387.55,419.42,0.0
20141114000000,410.0,414.62,385.0,399.07,0.0
20141115000000,400.48,406.29,370.97,376.51,0.0
20141116000000,380.56,391.89,380.25,388.21,0.0
20141117000000,388.89,407.0,376.0,387.56,0.0
20141118000000,388.63,390.87,370.0,370.0,0.0
20141119000000,373.09,381.64,372.12,379.16,0.0
20141120000000,380.46,380.61,353.39,355.88,0.0
20141121000000,353.5,356.03,346.1,349.33,0.0
20141122000000,350.91,360.25,346.09,346.35,0.0
20141123000000,347.49,360.57,346.74,360.57,0.0
20141124000000,365.25,386.99,327.79,373.15,0.0
20141125000000,373.54,390.0,373.08,375.82,0.0
20141126000000,377.03,378.3,365.78,367.87,0.0
20141127000000,369.28,373.48,368.14,369.57,0.0
20141128000000,369.87,380.28,359.52,375.57,0.0
20141129000000,375.25,383.0,372.0,374.49,0.0
20141130000000,374.66,380.31,373.06,376.72,0.0
20141201000000,376.68,380.0,374.89,377.6,0.0
20141202000000,377.39,382.56,376.94,382.01,0.0
20141203000000,381.4,383.11,374.25,375.74,0.0
20141204000000,375.78,378.88,364.81,370.26,0.0
20141205000000,368.75,380.57,367.24,378.39,0.0
20141206000000,377.97,379.12,371.07,372.77,0.0
20141207000000,373.91,376.72,370.91,374.43,0.0
20141208000000,375.19,375.59,361.7,363.31,0.0
20141209000000,363.23,364.36,345.52,353.85,0.0
20141210000000,354.0,356.22,343.53,346.92,0.0
20141211000000,346.63,363.31,343.62,350.04,0.0
20141212000000,350.38,356.99,349.85,352.84,0.0
20141213000000,352.64,352.64,348.33,350.88,0.0
20141214000000,350.64,356.75,346.99,352.67,0.0
20141215000000,354.12,354.12,346.3,347.19,0.0
20141216000000,348.14,348.14,330.61,330.61,0.0
20141217000000,333.42,337.02,315.01,318.19,0.0
20141218000000,318.65,321.07,303.62,308.26,0.0
20141219000000,309.28,317.0,305.98,315.74,0.0
20141220000000,315.77,329.99,314.92,329.07,0.0
20141221000000,328.43,328.43,316.91,317.21,0.0
20141222000000,318.2,329.22,317.5,329.02,0.0
20141223000000,329.99,335.16,326.07,332.91,0.0
20141224000000,333.65,334.25,322.79,322.79,0.0
20141225000000,322.57,323.08,317.89,319.0,0.0
20141226000000,319.2,329.84,317.53,328.49,0.0
20141227000000,327.12,327.12,312.74,315.91,0.0
20141228000000,317.27,318.59,312.03,317.53,0.0
20141229000000,319.55,321.49,311.92,311.92,0.0
20141230000000,314.36,315.3,307.93,308.79,0.0
20141231000000,309.0,317.6,308.56,317.0,0.0
20150101000000,317.51,317.51,312.88,313.85,0.0
20150102000000,313.6,316.01,313.0,315.11,0.0
20150103000000,314.81,314.81,281.99,281.99,0.0
20150104000000,281.99,288.9,258.78,258.78,0.0
20150105000000,261.0,276.46,260.47,273.2,0.0
20150106000000,273.24,287.83,268.52,285.39,0.0
20150107000000,286.1,303.83,285.0,297.0,0.0
20150108000000,296.2,296.2,285.64,285.64,0.0
20150109000000,285.38,295.57,282.99,292.83,0.0
20150110000000,292.41,292.41,271.0,275.04,0.0
20150111000000,274.77,279.96,265.0,266.19,0.0
20150112000000,267.2,281.05,265.49,267.62,0.0
20150113000000,267.33,267.63,222.49,229.84,0.0
20150114000000,230.28,230.48,164.95,183.16,0.0
20150115000000,181.09,234.51,176.52,217.72,0.0
20150116000000,215.98,225.0,200.0,206.68,0.0
20150117000000,207.16,211.03,198.22,201.23,0.0
20150118000000,202.9,218.26,197.05,209.85,0.0
20150119000000,211.23,216.22,208.84,213.21,0.0
20150120000000,215.0,218.0,208.0,218.0,0.0
20150121000000,219.0,225.51,219.0,225.51,0.0
20150122000000,245.5,257.73,216.59,226.32,0.0
20150123000000,230.0,235.0,215.0,235.0,0.0
20150124000000,215.0,250.58,215.0,240.0,0.0
20150125000000,248.02,256.26,245.32,254.53,0.0
20150126000000,262.78,322.72,241.43,274.48,0.0
20150127000000,274.73,278.47,244.03,263.65,0.0
20150128000000,263.96,265.99,228.5,236.09,0.0
20150129000000,235.89,242.0,221.14,235.03,0.0
20150130000000,235.0,244.59,227.89,229.07,0.0
20150131000000,229.0,234.67,217.11,218.45,0.0
20150201000000,218.67,233.79,210.0,228.99,0.0
20150202000000,228.39,240.1,220.89,237.83,0.0
20150203000000,237.01,243.9,225.32,228.58,0.0
20150204000000,228.77,230.99,221.5,227.11,0.0
20150205000000,227.11,228.9,215.0,216.76,0.0
20150206000000,216.84,226.64,216.03,223.2,0.0
20150207000000,223.2,230.5,222.67,229.0,0.0
20150208000000,229.16,231.6,220.0,223.99,0.0
20150209000000,224.01,225.0,216.45,221.1,0.0
20150210000000,221.13,222.0,215.0,220.87,0.0
20150211000000,221.39,223.29,218.14,219.79,0.0
20150212000000,219.96,223.17,217.8,222.37,0.0
20150213000000,222.55,242.48,221.46,236.06,0.0
20150214000000,236.13,261.2,235.51,257.2,0.0
20150215000000,257.01,268.34,228.22,235.88,0.0
20150216000000,235.88,243.29,229.0,233.6,0.0
20150217000000,233.5,246.25,231.51,244.0,0.0
20150218000000,244.0,244.98,231.72,236.3,0.0
20150219000000,236.3,243.42,235.02,240.2,0.0
20150220000000,240.0,248.32,238.95,244.5,0.0
20150221000000,244.5,247.68,243.28,245.55,0.0
20150222000000,245.54,247.78,232.4,236.5,0.0
20150223000000,236.5,240.99,232.61,239.4,0.0
20150224000000,239.4,240.99,236.7,239.73,0.0
20150225000000,239.73,240.83,235.56,237.99,0.0
20150226000000,237.99,238.33,233.79,236.93,0.0
20150227000000,236.93,262.58,236.65,254.96,0.0
20150228000000,255.05,257.38,251.25,255.7,0.0
20150301000000,255.7,266.0,245.79,262.4,0.0
20150302000000,262.4,279.6,259.22,277.3,0.0
20150303000000,277.3,290.32,267.95,283.75,0.0
20150304000000,283.75,285.99,267.38,273.33,0.0
20150305000000,273.33,284.5,262.9,277.69,0.0
20150306000000,277.69,277.9,269.68,273.2,0.0
20150307000000,273.36,280.0,270.58,276.97,0.0
20150308000000,276.97,278.68,272.0,275.59,0.0
20150309000000,275.59,295.0,278.98,291.03,0.0
20150310000000,291.0,303.8,290.0,292.7,0.0
20150311000000,292.64,298.74,291.06,296.7,0.0
20150312000000,296.7,298.8,292.37,295.56,0.0
20150313000000,295.55,295.9,282.15,283.28,0.0
20150314000000,283.23,287.5,281.36,282.6,0.0
20150315000000,282.6,287.78,283.4,286.9,0.0
20150316000000,286.9,295.13,289.32,291.22,0.0
20150317000000,291.22,292.83,283.0,285.25,0.0
20150318000000,285.12,285.24,248.98,257.3,0.0
20150319000000,257.3,267.89,248.07,261.86,0.0
20150320000000,261.98,266.99,259.36,262.19,0.0
20150321000000,262.19,262.99,255.52,260.47,0.0
20150322000000,260.47,270.8,259.82,268.82,0.0
20150323000000,268.82,271.47,262.0,267.23,0.0
20150324000000,267.23,268.39,241.5,246.0,0.0
20150325000000,246.0,250.0,235.7,245.92,0.0
20150326000000,246.29,254.98,246.28,249.19,0.0
20150327000000,249.19,250.45,245.27,246.5,0.0
20150328000000,246.5,255.42,246.5,252.95,0.0
20150329000000,252.95,250.0,239.52,242.44,0.0
20150330000000,242.74,248.71,246.95,247.93,0.0
20150331000000,247.93,248.8,242.0,244.33,0.0
20150401000000,244.51,248.53,239.5,246.93,0.0
20150402000000,246.93,254.92,244.55,253.23,0.0
20150403000000,253.23,256.42,250.7,254.23,0.0
20150404000000,254.24,255.69,250.39,253.6,0.0
20150405000000,253.6,261.25,251.55,260.5,0.0
20150406000000,260.5,262.43,253.72,255.61,0.0
20150407000000,255.61,257.9,253.03,253.71,0.0
20150408000000,253.7,254.99,243.05,244.92,0.0
20150409000000,244.92,246.79,236.52,243.58,0.0
20150410000000,243.58,243.74,230.76,236.12,0.0
20150411000000,236.12,240.0,233.76,236.86,0.0
20150412000000,236.86,238.7,232.82,236.38,0.0
20150413000000,236.38,237.7,220.25,225.0,0.0
20150414000000,225.0,225.75,216.37,220.19,0.0
20150415000000,220.16,224.0,219.01,223.98,0.0
20150416000000,223.98,230.0,223.01,228.47,0.0
20150417000000,228.47,228.98,219.61,222.4,0.0
20150418000000,222.4,224.16,219.94,223.08,0.0
20150419000000,223.08,226.83,222.1,222.21,0.0
20150420000000,222.16,227.0,221.5,224.21,0.0
20150421000000,224.21,236.2,224.19,235.8,0.0
20150422000000,236.96,238.99,232.42,234.14,0.0
20150423000000,234.14,236.98,233.0,236.01,0.0
20150424000000,236.01,236.2,228.7,231.38,0.0
20150425000000,231.38,232.7,225.78,226.1,0.0
20150426000000,226.1,221.48,214.0,219.7,0.0
20150427000000,219.7,232.0,218.24,227.68,0.0
20150428000000,227.13,228.05,222.22,225.3,0.0
20150429000000,225.3,227.78,222.67,225.23,0.0
20150430000000,225.23,240.2,224.65,236.11,0.0
20150501000000,236.11,239.19,231.31,231.78,0.0
20150502000000,231.78,235.79,231.78,234.81,0.0
20150503000000,234.81,243.73,235.66,240.7,0.0
20150504000000,240.57,243.6,237.0,238.54,0.0
20150505000000,238.54,239.45,231.05,235.87,0.0
20150506000000,235.87,236.75,227.33,229.27,0.0
20150507000000,229.27,239.78,227.82,237.29,0.0
20150508000000,237.3,248.48,236.2,244.5,0.0
20150509000000,244.5,249.1,240.1,242.54,0.0
20150510000000,242.54,245.88,238.83,240.57,0.0
20150511000000,240.73,245.49,238.5,242.47,0.0
20150512000000,242.47,244.39,240.86,241.78,0.0
20150513000000,241.92,245.0,234.34,235.8,0.0
20150514000000,235.7,238.2,232.1,236.68,0.0
20150515000000,236.68,238.92,233.88,237.3,0.0
20150516000000,237.3,237.58,234.01,235.7,0.0
20150517000000,235.7,238.02,235.62,236.22,0.0
20150518000000,236.15,237.25,229.0,232.82,0.0
20150519000000,232.82,235.7,231.19,231.7,0.0
20150520000000,231.7,235.24,231.56,234.24,0.0
20150521000000,234.24,236.49,233.92,235.27,0.0
20150522000000,235.27,241.83,234.59,240.97,0.0
20150523000000,240.97,241.18,237.56,238.81,0.0
20150524000000,238.81,242.98,238.55,240.95,0.0
20150525000000,240.96,241.12,236.1,237.1,0.0
20150526000000,237.1,238.5,235.27,237.36,0.0
20150527000000,237.36,239.3,235.56,236.85,0.0
20150528000000,236.85,237.5,235.92,236.86,0.0
20150529000000,236.86,237.16,235.02,236.52,0.0
20150530000000,236.52,236.73,230.68,232.54,0.0
20150531000000,232.54,232.69,227.13,228.7,0.0
20150601000000,228.7,230.89,219.75,222.0,0.0
20150602000000,222.0,226.0,220.97,224.68,0.0
20150603000000,224.68,227.0,222.26,225.11,0.0
20150604000000,225.11,225.77,222.64,223.24,0.0
20150605000000,223.24,229.23,222.69,224.51,0.0
20150606000000,224.51,226.85,223.9,225.65,0.0
20150607000000,225.66,226.67,222.29,223.26,0.0
20150608000000,223.26,230.63,223.26,228.76,0.0
20150609000000,228.76,232.02,227.79,229.05,0.0
20150610000000,229.06,229.95,227.5,228.6,0.0
20150611000000,228.6,230.7,228.6,229.82,0.0
20150612000000,230.0,231.34,229.12,229.44,0.0
20150613000000,229.44,233.5,228.4,232.87,0.0
20150614000000,232.87,235.44,232.51,233.54,0.0
20150615000000,233.54,238.16,233.35,236.98,0.0
20150616000000,236.98,253.9,236.0,252.08,0.0
20150617000000,252.08,259.1,246.11,248.95,0.0
20150618000000,248.95,253.7,243.0,249.51,0.0
20150619000000,249.51,252.12,243.73,244.58,0.0
20150620000000,244.58,245.9,240.05,245.38,0.0
20150621000000,245.38,245.69,241.09,244.25,0.0
20150622000000,244.25,247.99,243.5,246.67,0.0
20150623000000,246.67,247.35,242.33,244.25,0.0
20150624000000,244.25,244.25,239.5,239.8,0.0
20150625000000,239.8,242.99,239.5,242.05,0.0
20150626000000,242.05,243.9,240.64,243.29,0.0
20150627000000,243.29,251.77,242.6,251.61,0.0
20150628000000,251.61,252.06,247.25,248.72,0.0
20150629000000,248.71,257.7,248.57,256.69,0.0
20150630000000,256.69,268.86,254.72,262.89,0.0
20150701000000,262.89,264.78,253.51,258.1,0.0
20150702000000,258.1,262.58,253.0,254.52,0.0
20150703000000,254.52,256.9,252.11,256.05,0.0
20150704000000,256.09,261.93,253.58,260.58,0.0
20150705000000,260.58,265.27,258.0,265.2,0.0
20150706000000,270.1,276.55,268.15,274.83,0.0
20150707000000,268.84,268.9,263.34,265.51,0.0
20150708000000,269.5,271.4,267.4,270.83,0.0
20150709000000,269.97,272.8,267.98,269.22,0.0
20150710000000,269.22,292.66,268.59,286.7,0.0
20150712000000,300.57,316.02,300.5,311.12,0.0
20150713000000,311.15,312.0,284.51,292.65,0.0
20150714000000,292.65,297.13,286.11,286.87,0.0
20150715000000,286.87,294.38,283.53,285.44,0.0
20150716000000,285.43,294.3,275.24,278.93,0.0
20150717000000,278.94,281.5,272.08,279.85,0.0
20150718000000,279.85,283.33,276.12,277.25,0.0
20150719000000,277.25,279.18,274.69,275.03,0.0
20150720000000,275.03,280.46,273.5,280.31,0.0
20150721000000,280.2,282.08,275.25,275.78,0.0
20150722000000,275.78,278.38,274.5,277.99,0.0
20150723000000,277.99,278.44,275.56,276.51,0.0
20150724000000,276.48,289.93,276.02,288.6,0.0
20150725000000,288.6,292.35,286.4,289.36,0.0
20150726000000,289.36,294.5,288.15,293.01,0.0
20150727000000,293.01,298.74,286.0,294.84,0.0
20150728000000,294.84,298.89,293.61,295.23,0.0
20150729000000,295.23,295.38,286.59,289.92,0.0
20150730000000,289.92,290.98,285.0,288.21,0.0
20150731000000,288.21,289.85,282.0,284.45,0.0
20150801000000,284.45,284.99,276.54,280.33,0.0
20150802000000,280.31,283.29,276.28,282.49,0.0
20150803000000,282.44,287.0,279.7,281.27,0.0
20150804000000,281.28,285.94,281.28,285.47,0.0
20150805000000,285.47,285.94,281.61,282.61,0.0
20150806000000,282.61,282.61,278.08,279.08,0.0
20150807000000,279.08,281.0,276.07,280.12,0.0
20150808000000,280.19,280.31,260.62,261.34,0.0
20150809000000,261.34,267.6,260.73,265.58,0.0
20150810000000,265.58,267.68,262.17,265.1,0.0
20150811000000,265.1,271.97,264.81,271.96,0.0
20150812000000,271.96,273.75,265.8,267.09,0.0
20150813000000,267.09,268.0,263.33,264.47,0.0
20150814000000,264.47,268.88,262.15,266.09,0.0
20150815000000,266.32,267.76,260.96,262.14,0.0
20150816000000,262.2,262.9,256.5,259.9,0.0
20150817000000,259.9,262.01,257.5,258.49,0.0
20150818000000,258.49,258.5,171.0,183.01,0.0
20150819000000,193.96,239.44,193.96,226.24,0.0
20150820000000,226.32,237.81,226.27,235.54,0.0
20150821000000,235.54,236.43,230.52,232.17,0.0
20150822000000,232.17,234.63,221.97,230.27,0.0
20150823000000,230.27,232.88,225.59,228.53,0.0
20150824000000,228.1,228.64,208.53,210.5,0.0
20150825000000,210.5,227.89,198.0,222.66,0.0
20150826000000,222.66,232.18,220.11,226.21,0.0
20150827000000,226.12,229.22,224.0,225.8,0.0
20150828000000,225.8,237.31,220.15,231.83,0.0
20150829000000,231.83,233.94,227.16,230.75,0.0
20150830000000,230.75,233.49,225.76,229.99,0.0
20150831000000,229.99,233.69,225.31,231.35,0.0
20150901000000,231.35,232.33,226.57,228.24,0.0
20150902000000,228.24,231.76,226.52,229.71,0.0
20150903000000,229.71,229.88,226.24,227.25,0.0
20150904000000,227.25,231.62,227.08,230.89,0.0
20150905000000,230.89,239.71,230.01,235.84,0.0
20150906000000,235.84,246.54,235.5,240.97,0.0
20150907000000,240.97,243.0,239.03,240.85,0.0
20150908000000,240.85,247.68,240.27,244.2,0.0
20150909000000,244.2,245.57,238.5,238.95,0.0
20150910000000,238.95,241.9,237.01,239.49,0.0
20150911000000,239.49,242.87,239.4,240.6,0.0
20150912000000,240.6,241.0,235.33,235.77,0.0
20150913000000,235.77,236.85,228.95,230.96,0.0
20150914000000,230.96,233.78,228.41,230.89,0.0
20150915000000,230.89,232.93,229.51,230.93,0.0
20150916000000,230.93,232.12,227.35,228.99,0.0
20150917000000,228.99,235.7,228.99,233.61,0.0
20150918000000,233.61,236.2,232.53,233.78,0.0
20150919000000,233.78,234.18,231.43,232.09,0.0
20150920000000,232.09,233.22,231.4,232.12,0.0
20150921000000,232.12,232.96,226.38,227.22,0.0
20150922000000,227.22,233.25,224.49,231.27,0.0
20150923000000,231.11,232.98,230.03,230.54,0.0
20150924000000,230.54,236.25,230.54,234.65,0.0
20150925000000,234.65,237.64,233.05,235.26,0.0
20150926000000,235.26,235.91,233.8,234.63,0.0
20150927000000,234.63,234.78,233.06,233.37,0.0
20150928000000,233.37,241.42,233.37,240.43,0.0
20150929000000,240.43,241.5,236.61,236.8,0.0
20150930000000,236.8,238.78,235.12,236.49,0.0
20151001000000,236.49,240.09,236.2,238.48,0.0
20151002000000,238.48,240.0,237.33,237.86,0.0
20151003000000,237.86,241.11,237.68,239.79,0.0
20151004000000,239.79,240.93,239.3,239.5,0.0
20151005000000,239.5,242.67,237.21,242.01,0.0
20151006000000,242.0,249.01,241.51,247.36,0.0
20151007000000,247.36,247.93,243.5,244.2,0.0
20151008000000,244.0,245.63,242.62,242.97,0.0
20151009000000,243.0,245.45,242.63,244.82,0.0
20151010000000,244.82,246.4,243.56,246.01,0.0
20151011000000,246.01,248.71,244.83,247.92,0.0
20151012000000,247.99,248.45,245.37,246.09,0.0
20151013000000,246.17,253.4,244.08,251.25,0.0
20151014000000,251.25,255.93,250.1,253.54,0.0
20151015000000,253.5,257.49,253.44,255.19,0.0
20151016000000,255.19,267.83,254.92,263.47,0.0
20151017000000,263.45,275.12,258.32,272.94,0.0
20151018000000,272.9,274.65,263.32,265.04,0.0
20151019000000,265.01,268.28,262.39,265.05,0.0
20151020000000,265.1,273.9,264.46,270.97,0.0
20151021000000,270.99,272.27,264.12,267.8,0.0
20151022000000,267.8,279.96,267.3,275.83,0.0
20151023000000,275.83,280.9,275.15,279.21,0.0
20151024000000,279.21,284.47,279.0,284.19,0.0
20151025000000,284.19,295.99,281.2,284.79,0.0
20151026000000,284.7,287.86,282.25,287.22,0.0
20151027000000,287.22,298.68,287.11,295.17,0.0
20151028000000,295.29,307.99,295.29,304.5,0.0
20151029000000,304.5,321.15,301.51,314.88,0.0
20151030000000,314.88,336.0,313.82,328.19,0.0
20151031000000,328.2,335.43,307.2,316.0,0.0
20151101000000,316.0,333.49,313.6,330.69,0.0
20151102000000,330.23,372.48,326.8,365.0,0.0
20151103000000,365.33,423.88,361.88,405.29,0.0
20151104000000,405.0,503.39,366.66,409.24,0.0
20151105000000,409.23,449.12,371.0,387.96,0.0
20151106000000,387.94,396.7,351.5,375.56,0.0
20151107000000,375.56,392.23,371.74,384.61,0.0
20151108000000,384.87,390.32,365.74,374.0,0.0
20151109000000,374.11,388.84,360.9,381.01,0.0
20151110000000,381.1,383.4,327.02,340.2,0.0
20151111000000,340.2,343.6,300.78,314.0,0.0
20151112000000,314.25,346.2,314.14,336.57,0.0
20151113000000,337.61,343.57,326.22,338.54,0.0
20151114000000,338.53,340.72,329.0,333.4,0.0
20151115000000,333.37,336.39,315.0,321.07,0.0
20151116000000,320.52,335.0,315.22,332.14,0.0
20151117000000,332.1,342.5,331.05,336.29,0.0
20151118000000,336.29,338.8,328.1,335.95,0.0
20151119000000,335.94,336.39,324.45,326.5,0.0
20151120000000,326.49,326.77,309.46,322.2,0.0
20151121000000,322.2,329.03,318.95,327.55,0.0
20151122000000,327.84,327.85,320.36,324.66,0.0
20151123000000,324.67,327.01,320.91,323.63,0.0
20151124000000,323.63,323.76,315.84,320.1,0.0
20151125000000,320.1,331.03,316.05,329.85,0.0
20151126000000,329.85,369.08,329.35,353.99,0.0
20151127000000,354.0,366.7,348.18,358.9,0.0
20151128000000,358.9,362.12,351.16,358.71,0.0
20151129000000,358.6,376.0,355.62,373.29,0.0
20151130000000,373.89,384.51,369.97,376.88,0.0
20151201000000,376.88,379.99,353.24,362.68,0.0
20151202000000,362.68,363.13,346.16,359.14,0.0
20151203000000,359.12,371.1,352.86,360.73,0.0
20151204000000,360.53,364.37,354.31,363.17,0.0
20151205000000,363.17,394.0,362.24,390.0,0.0
20151206000000,390.01,406.77,386.01,390.6,0.0
20151207000000,390.6,403.81,384.86,396.7,0.0
20151208000000,396.7,421.44,388.39,420.78,0.0
20151209000000,422.0,426.05,406.5,418.73,0.0
20151210000000,418.73,421.0,411.2,414.94,0.0
20151211000000,414.94,457.0,414.8,456.28,0.0
20151212000000,457.0,475.0,404.39,435.67,0.0
20151213000000,435.61,443.81,418.3,433.0,0.0
20151214000000,432.51,448.15,427.62,442.59,0.0
20151215000000,442.59,466.98,442.51,466.5,0.0
20151216000000,466.01,467.0,440.02,454.95,0.0
20151217000000,454.95,458.5,446.29,455.84,0.0
20151218000000,455.57,466.6,452.01,463.52,0.0
20151219000000,463.52,466.99,452.81,462.46,0.0
20151220000000,462.44,462.7,431.75,442.62,0.0
20151221000000,442.62,445.9,424.89,437.93,0.0
20151222000000,437.52,443.62,433.45,435.65,0.0
20151223000000,435.65,445.76,434.61,442.62,0.0
20151224000000,442.62,459.05,442.45,456.13,0.0
20151225000000,456.13,459.99,445.86,455.47,0.0
20151226000000,455.47,459.31,405.55,416.51,0.0
20151227000000,416.51,424.89,407.0,422.37,0.0
20151228000000,422.32,429.0,417.02,420.24,0.0
20151229000000,420.11,432.2,418.03,431.85,0.0
20151230000000,431.79,434.0,420.0,424.7,0.0
20151231000000,424.7,432.57,412.53,429.02,0.0
20160101000000,429.02,436.49,426.26,433.98,0.0
20160102000000,433.98,435.79,430.0,432.7,0.0
20160103000000,432.7,433.07,422.0,428.66,0.0
20160104000000,428.64,435.67,426.97,432.9,0.0
20160105000000,432.9,434.91,428.22,431.84,0.0
20160106000000,431.84,432.17,425.03,427.99,0.0
20160107000000,428.89,461.89,427.11,459.05,0.0
20160108000000,458.78,465.0,446.75,454.0,0.0
20160109000000,454.0,456.01,447.46,449.23,0.0
20160110000000,449.23,450.26,441.01,449.35,0.0
20160111000000,449.35,452.47,443.59,449.26,0.0
20160112000000,449.26,449.63,429.34,432.05,0.0
20160113000000,432.04,436.36,416.37,431.08,0.0
20160114000000,431.08,434.91,426.03,429.25,0.0
20160115000000,429.25,429.43,358.0,358.85,0.0
20160116000000,359.02,392.4,353.21,388.42,0.0
20160117000000,388.44,392.79,378.82,382.07,0.0
20160118000000,382.02,389.43,375.11,387.04,0.0
20160119000000,387.04,388.35,377.44,378.96,0.0
20160120000000,378.93,427.98,375.01,419.41,0.0
20160121000000,419.55,424.57,405.02,411.0,0.0
20160122000000,411.0,411.19,371.33,380.96,0.0
20160123000000,380.96,394.0,379.85,385.57,0.0
20160124000000,385.57,407.02,385.1,402.77,0.0
20160125000000,402.77,402.77,384.0,390.98,0.0
20160126000000,390.96,398.0,387.48,391.32,0.0
20160127000000,391.32,396.99,389.66,394.97,0.0
20160128000000,394.7,395.48,375.61,378.39,0.0
20160129000000,378.39,385.31,360.23,377.63,0.0
20160130000000,377.62,380.5,374.0,376.96,0.0
20160131000000,376.96,378.9,362.57,365.5,0.0
20160201000000,365.52,378.96,363.26,371.42,0.0
20160202000000,371.42,374.75,369.9,372.9,0.0
20160203000000,372.9,373.97,366.0,368.98,0.0
20160204000000,368.98,393.89,368.65,389.8,0.0
20160205000000,389.8,392.57,384.5,386.54,0.0
20160206000000,386.54,386.54,366.44,373.75,0.0
20160207000000,373.71,377.78,369.2,372.01,0.0
20160208000000,372.01,376.74,369.1,370.49,0.0
20160209000000,370.49,377.6,370.28,373.97,0.0
20160210000000,374.31,386.52,373.13,380.89,0.0
20160211000000,380.9,383.0,372.25,378.0,0.0
20160212000000,377.99,383.53,377.09,382.98,0.0
20160213000000,382.94,393.0,382.56,392.99,0.0
20160214000000,392.99,408.66,392.97,408.3,0.0
20160215000000,408.3,412.5,395.35,399.9,0.0
20160216000000,399.9,408.76,398.66,407.27,0.0
20160217000000,407.27,421.74,405.32,414.86,0.0
20160218000000,414.88,426.01,413.08,421.5,0.0
20160219000000,421.5,422.54,412.0,419.99,0.0
20160220000000,419.77,445.02,419.72,438.7,0.0
20160221000000,438.7,451.24,428.26,440.48,0.0
20160222000000,440.49,442.48,433.44,440.27,0.0
20160223000000,440.25,442.64,416.27,421.13,0.0
20160224000000,421.4,427.48,410.69,426.36,0.0
20160225000000,426.36,429.95,419.5,424.88,0.0
20160226000000,424.88,435.31,419.97,435.31,0.0
20160227000000,435.49,437.97,431.81,434.21,0.0
20160228000000,434.21,437.77,422.1,434.47,0.0
20160229000000,434.45,444.79,430.51,439.16,0.0
20160301000000,439.16,442.79,428.5,434.82,0.0
20160302000000,434.82,436.31,421.12,422.22,0.0
20160303000000,422.09,424.43,416.4,420.56,0.0
20160304000000,420.56,423.99,407.66,408.82,0.0
20160305000000,408.82,410.14,389.74,397.36,0.0
20160306000000,397.36,409.5,392.02,403.91,0.0
20160307000000,403.75,415.3,401.6,412.7,0.0
20160308000000,412.62,415.9,406.0,411.35,0.0
20160309000000,411.35,414.5,407.76,412.94,0.0
20160310000000,413.05,417.17,410.7,416.51,0.0
20160311000000,416.51,423.6,415.5,420.49,0.0
20160312000000,420.47,421.81,406.46,410.01,0.0
20160313000000,410.01,416.0,410.0,411.82,0.0
20160314000000,411.87,417.85,411.83,415.99,0.0
20160315000000,415.91,418.81,412.78,415.5,0.0
20160316000000,415.5,418.0,413.96,417.28,0.0
20160317000000,417.28,420.6,416.67,418.75,0.0
20160318000000,418.75,418.86,403.01,407.7,0.0
20160319000000,407.7,410.73,404.0,408.41,0.0
20160320000000,408.41,412.97,407.92,411.25,0.0
20160321000000,411.25,412.14,406.0,411.88,0.0
20160322000000,411.88,418.68,409.88,417.69,0.0
20160323000000,417.7,419.72,415.83,418.12,0.0
20160324000000,418.12,418.12,414.0,415.3,0.0
20160325000000,415.3,417.03,413.03,416.0,0.0
20160326000000,416.0,418.74,414.51,416.71,0.0
20160327000000,416.71,430.95,415.79,427.37,0.0
20160328000000,427.37,427.98,422.4,424.06,0.0
20160329000000,424.06,426.41,407.5,415.81,0.0
20160330000000,416.0,416.0,408.58,413.2,0.0
20160331000000,413.2,418.25,413.04,416.02,0.0
20160401000000,416.02,417.6,414.0,417.56,0.0
20160402000000,417.9,422.8,417.53,420.3,0.0
20160403000000,420.3,421.73,417.56,420.6,0.0
20160404000000,420.6,421.2,416.25,420.46,0.0
20160405000000,420.46,424.57,419.61,423.75,0.0
20160406000000,423.75,424.48,421.69,422.57,0.0
20160407000000,422.57,422.86,417.78,422.28,0.0
20160408000000,422.28,424.48,415.5,418.5,0.0
20160409000000,418.5,418.76,412.0,418.47,0.0
20160410000000,418.47,422.82,417.49,421.32,0.0
20160411000000,421.32,423.88,418.8,423.74,0.0
20160412000000,423.74,430.0,423.7,426.59,0.0
20160413000000,426.59,427.68,423.0,424.75,0.0
20160414000000,424.75,426.44,424.02,426.01,0.0
20160415000000,426.01,432.43,426.01,431.48,0.0
20160416000000,431.48,435.67,430.47,432.04,0.0
20160417000000,432.52,433.49,426.37,428.51,0.0
20160418000000,428.51,430.91,426.52,430.04,0.0
20160419000000,430.03,439.0,428.55,437.76,0.0
20160420000000,437.81,446.49,436.6,443.95,0.0
20160421000000,443.93,454.5,442.27,452.03,0.0
20160422000000,452.26,453.15,444.55,447.8,0.0
20160423000000,447.8,454.6,445.67,453.69,0.0
20160424000000,453.69,464.98,450.2,463.01,0.0
20160425000000,463.02,471.58,455.0,461.77,0.0
20160426000000,461.77,471.99,461.77,468.14,0.0
20160427000000,468.14,469.72,443.42,445.09,0.0
20160428000000,444.85,450.83,435.01,450.46,0.0
20160429000000,450.46,457.38,445.8,455.32,0.0
20160430000000,455.32,455.98,445.07,446.6,0.0
20160501000000,446.6,452.95,445.69,451.11,0.0
20160502000000,451.12,452.5,436.01,443.73,0.0
20160503000000,443.73,452.0,440.1,450.39,0.0
20160504000000,450.39,450.98,445.08,447.38,0.0
20160505000000,447.38,450.43,446.15,448.4,0.0
20160506000000,448.4,465.0,448.0,461.18,0.0
20160507000000,461.18,463.03,458.3,460.2,0.0
20160508000000,460.2,461.62,456.04,459.87,0.0
20160509000000,459.87,465.4,457.8,461.56,0.0
20160510000000,461.56,464.0,446.17,450.7,0.0
20160511000000,450.7,454.67,450.05,452.28,0.0
20160512000000,452.28,456.1,445.94,455.0,0.0
20160513000000,455.01,457.49,452.0,455.77,0.0
20160514000000,455.76,458.5,454.1,455.8,0.0
20160515000000,455.8,460.67,454.71,457.89,0.0
20160516000000,457.89,458.95,451.01,453.0,0.0
20160517000000,453.0,454.91,451.03,453.24,0.0
20160518000000,453.24,456.89,451.53,453.51,0.0
20160519000000,453.52,454.7,433.01,435.0,0.0
20160520000000,434.55,443.14,433.01,441.57,0.0
20160521000000,441.57,442.16,436.98,440.81,0.0
20160522000000,440.81,440.99,435.1,437.48,0.0
20160523000000,437.48,444.4,436.52,443.66,0.0
20160524000000,443.51,447.83,442.39,445.03,0.0
20160525000000,445.03,450.36,443.0,449.06,0.0
20160526000000,449.09,454.7,446.01,453.95,0.0
20160527000000,453.95,482.28,453.58,472.03,0.0
20160528000000,472.0,541.01,471.0,527.01,0.0
20160529000000,527.0,567.0,512.5,531.0,0.0
20160530000000,531.0,548.37,521.11,532.89,0.0
20160531000000,532.89,546.5,518.0,530.69,0.0
20160601000000,530.69,546.12,523.8,536.79,0.0
20160602000000,536.79,543.74,532.38,538.8,0.0
20160603000000,538.8,579.0,535.78,570.87,0.0
20160604000000,570.87,593.67,561.5,572.67,0.0
20160605000000,572.87,586.01,565.23,574.0,0.0
20160606000000,574.01,588.5,574.0,585.22,0.0
20160607000000,585.22,592.08,561.3,576.88,0.0
20160608000000,576.88,585.0,571.11,583.05,0.0
20160609000000,583.05,583.65,570.0,575.52,0.0
20160610000000,575.52,582.42,572.5,580.08,0.0
20160611000000,580.08,615.0,579.29,614.52,0.0
20160612000000,614.62,685.0,606.98,671.0,0.0
20160613000000,671.99,718.99,659.94,705.88,0.0
20160614000000,705.87,705.88,656.51,684.51,0.0
20160615000000,684.51,699.13,669.21,696.88,0.0
20160616000000,696.99,778.5,696.99,769.45,0.0
20160617000000,769.45,779.98,703.12,748.66,0.0
20160618000000,748.66,789.71,721.56,757.6,0.0
20160619000000,757.6,771.91,740.0,767.3,0.0
20160620000000,767.3,767.7,724.29,743.9,0.0
20160621000000,705.79,715.78,668.88,668.88,0.0
20160622000000,669.0,688.2,588.89,606.02,0.0
20160623000000,605.58,638.22,555.58,625.8,0.0
20160624000000,625.8,679.95,625.79,666.05,0.0
20160625000000,665.5,698.0,642.82,664.87,0.0
20160626000000,664.87,667.88,614.33,627.42,0.0
20160627000000,627.42,662.2,617.29,662.2,0.0
20160628000000,662.2,664.25,632.95,646.3,0.0
20160629000000,646.61,646.61,621.95,639.68,0.0
20160630000000,639.97,677.46,635.57,674.74,0.0
20160701000000,674.74,690.58,667.62,674.75,0.0
20160702000000,674.75,705.35,673.36,705.04,0.0
20160703000000,705.99,706.98,644.4,659.29,0.0
20160704000000,659.29,684.2,644.46,681.34,0.0
20160705000000,681.34,682.7,659.25,667.76,0.0
20160706000000,667.8,682.62,667.0,677.04,0.0
20160707000000,677.36,682.0,610.1,640.51,0.0
20160708000000,640.51,666.6,633.97,664.8,0.0
20160709000000,664.8,664.8,623.99,648.11,0.0
20160710000000,648.12,651.47,636.92,649.72,0.0
20160711000000,649.72,662.54,643.4,647.95,0.0
20160712000000,647.95,678.01,645.6,667.19,0.0
20160713000000,667.07,669.87,652.52,653.7,0.0
20160714000000,653.7,666.0,649.97,659.78,0.0
20160715000000,659.78,669.56,658.16,665.5,0.0
20160716000000,665.5,669.59,659.13,665.33,0.0
20160717000000,665.33,689.69,663.61,683.2,0.0
20160718000000,683.2,686.0,666.46,674.3,0.0
20160719000000,674.3,676.64,666.32,675.0,0.0
20160720000000,675.0,676.0,661.26,665.85,0.0
20160721000000,665.85,668.0,657.58,665.01,0.0
20160722000000,665.01,668.0,639.97,648.04,0.0
20160723000000,648.04,657.1,644.98,654.03,0.0
20160724000000,654.03,664.1,650.52,661.82,0.0
20160725000000,661.82,664.39,650.0,654.17,0.0
20160726000000,654.17,657.59,640.59,648.47,0.0
20160727000000,648.47,657.06,646.6,654.51,0.0
20160729000000,656.97,660.44,654.54,658.34,0.0
20160730000000,658.34,660.45,651.85,654.99,0.0
20160731000000,654.99,655.12,621.26,623.67,0.0
20160801000000,622.7,627.32,605.01,607.99,0.0
20160802000000,608.29,615.26,595.0,604.0,0.0
20160803000000,0.0,0.0,0.0,0.0,0.0
20160804000000,0.0,0.0,0.0,0.0,0.0
20160805000000,0.0,0.0,0.0,0.0,0.0
20160806000000,0.0,0.0,0.0,0.0,0.0
20160807000000,604.1,604.1,604.1,604.1,0.0
20160808000000,604.1,604.1,604.1,604.1,0.0
20160809000000,604.1,604.1,604.1,604.1,0.0
20160810000000,604.1,614.5,579.0,590.28,0.0
20160811000000,590.5,599.0,587.75,591.27,0.0
20160812000000,591.27,593.0,584.0,585.5,0.0
20160813000000,585.5,590.02,582.06,583.73,0.0
20160814000000,583.73,583.73,564.0,569.44,0.0
20160815000000,569.41,574.02,562.99,564.64,0.0
20160816000000,564.64,579.0,564.0,574.24,0.0
20160817000000,574.17,577.94,569.01,571.83,0.0
20160818000000,571.83,578.02,569.71,572.21,0.0
20160819000000,572.33,577.17,570.82,573.5,0.0
20160820000000,573.51,582.75,571.25,582.01,0.0
20160821000000,582.1,584.16,580.01,581.42,0.0
20160822000000,581.42,589.99,581.42,588.01,0.0
20160823000000,588.01,590.69,581.12,583.54,0.0
20160824000000,583.54,586.88,580.0,580.32,0.0
20160825000000,580.32,581.14,574.01,577.2,0.0
20160826000000,577.2,579.5,575.06,578.01,0.0
20160827000000,578.02,578.9,567.23,568.55,0.0
20160828000000,568.55,574.37,568.3,574.17,0.0
20160829000000,574.17,577.99,573.02,574.78,0.0
20160830000000,574.78,580.15,574.17,579.49,0.0
20160831000000,579.49,579.49,572.74,576.15,0.0
20160901000000,576.15,577.98,571.5,572.73,0.0
20160902000000,572.73,581.07,570.61,579.85,0.0
20160903000000,579.85,612.43,576.04,609.89,0.0
20160904000000,609.89,618.65,604.6,614.52,0.0
20160905000000,614.52,615.67,605.7,611.5,0.0
20160906000000,611.5,616.7,609.77,615.23,0.0
20160907000000,615.06,620.63,610.85,619.75,0.0
20160908000000,619.75,636.16,617.78,631.73,0.0
20160909000000,631.73,633.45,621.26,626.25,0.0
20160910000000,626.25,629.65,624.9,628.0,0.0
20160911000000,628.0,635.0,598.0,612.08,0.0
20160912000000,612.08,615.21,608.14,611.62,0.0
20160913000000,611.62,618.0,610.0,614.23,0.0
20160914000000,614.23,617.38,612.01,613.88,0.0
20160915000000,613.88,617.3,611.0,611.81,0.0
20160916000000,611.81,614.22,609.54,610.01,0.0
20160917000000,610.01,610.56,605.0,607.69,0.0
20160918000000,607.69,615.86,607.37,613.03,0.0
20160919000000,613.03,615.05,608.92,609.79,0.0
20160920000000,609.79,612.01,600.05,600.05,0.0
20160921000000,600.13,600.13,592.7,597.43,0.0
20160922000000,597.43,598.7,596.0,597.08,0.0
20160923000000,597.08,603.99,595.95,603.29,0.0
20160924000000,603.29,605.8,601.49,602.55,0.0
20160925000000,602.55,603.6,597.63,600.36,0.0
20160926000000,600.36,610.0,599.88,609.14,0.0
20160927000000,609.14,609.91,602.01,605.53,0.0
20160928000000,605.53,605.77,603.13,603.76,0.0
20160929000000,603.76,607.77,603.18,604.6,0.0
20160930000000,604.6,612.92,604.25,611.1,0.0
20161001000000,611.1,616.87,611.1,614.09,0.0
20161002000000,614.09,614.21,607.01,609.09,0.0
20161003000000,609.09,613.22,608.93,612.57,0.0
20161004000000,612.67,614.0,609.63,610.98,0.0
20161005000000,610.71,617.28,610.0,614.09,0.0
20161006000000,614.09,615.9,612.68,613.51,0.0
20161007000000,613.51,621.17,613.0,620.13,0.0
20161008000000,620.13,622.87,617.91,620.5,0.0
20161009000000,620.5,620.91,614.43,616.56,0.0
20161010000000,616.56,620.0,615.91,618.87,0.0
20161011000000,618.87,645.98,618.06,641.74,0.0
20161012000000,641.87,644.07,637.26,637.63,0.0
20161013000000,637.63,643.67,636.38,637.01,0.0
20161014000000,637.01,645.4,636.72,643.0,0.0
20161015000000,643.0,645.69,637.91,640.2,0.0
20161016000000,640.2,645.8,639.82,644.17,0.0
20161017000000,644.18,644.56,637.77,639.79,0.0
20161018000000,639.79,641.65,632.93,638.8,0.0
20161019000000,638.68,643.9,627.84,631.77,0.0
20161020000000,631.77,633.61,628.0,632.46,0.0
20161021000000,632.46,639.0,632.0,636.73,0.0
20161022000000,636.73,670.98,635.06,664.99,0.0
20161023000000,664.99,671.4,656.04,659.03,0.0
20161024000000,659.03,659.03,654.01,654.65,0.0
20161025000000,654.65,670.0,652.65,659.52,0.0
20161026000000,659.52,685.61,658.46,678.7,0.0
20161027000000,678.7,690.62,676.69,688.67,0.0
20161028000000,688.67,695.02,681.59,693.47,0.0
20161029000000,693.47,723.99,692.28,714.51,0.0
20161030000000,714.51,716.61,697.77,702.55,0.0
20161031000000,702.55,706.0,688.0,704.09,0.0
20161114000000,708.13,709.0,699.0,707.43,0.0
20161115000000,707.43,720.01,707.4,712.17,0.0
20161116000000,712.17,747.49,710.13,744.99,0.0
20161117000000,744.98,762.41,735.0,740.67,0.0
20161118000000,740.67,756.94,734.5,753.97,0.0
20161119000000,753.97,759.99,740.01,752.9,0.0
20161120000000,752.9,757.0,712.02,729.67,0.0
20161121000000,729.67,740.6,728.08,738.99,0.0
20161122000000,738.99,753.91,733.27,750.05,0.0
20161123000000,749.85,750.91,730.79,741.99,0.0
20161124000000,742.0,744.32,727.61,737.68,0.0
20161125000000,737.68,741.12,730.0,740.36,0.0
20161126000000,740.36,740.99,720.0,731.19,0.0
20161127000000,731.19,736.19,722.5,724.99,0.0
20161128000000,724.9,734.99,724.9,731.52,0.0
20161129000000,731.52,733.93,728.68,731.05,0.0
20161130000000,731.05,743.14,729.13,739.0,0.0
20161201000000,739.0,756.0,738.8,755.36,0.0
20161202000000,755.36,779.21,755.15,774.91,0.0
20161203000000,774.88,774.88,755.99,765.27,0.0
20161204000000,765.46,769.99,760.9,768.5,0.0
20161205000000,768.5,768.99,744.59,750.62,0.0
20161206000000,750.62,758.5,750.44,757.36,0.0
20161207000000,757.18,772.15,749.11,765.01,0.0
20161208000000,765.01,773.2,762.66,765.01,0.0
20161209000000,765.01,772.72,765.0,770.5,0.0
20161210000000,770.5,777.77,769.99,772.9,0.0
20161211000000,772.9,773.73,761.84,770.21,0.0
20161212000000,770.21,784.1,770.21,777.99,0.0
20161213000000,777.99,788.86,763.7,775.0,0.0
20161214000000,775.0,781.16,771.17,774.49,0.0
20161215000000,774.49,780.11,774.49,777.43,0.0
20161216000000,777.43,785.03,775.86,784.17,0.0
20161217000000,784.17,793.0,784.17,790.99,0.0
20161218000000,790.99,792.8,784.39,790.21,0.0
20161219000000,790.21,792.21,787.96,790.59,0.0
20161220000000,790.59,802.33,788.01,797.99,0.0
20161221000000,798.77,830.5,794.99,829.99,0.0
20161222000000,829.34,873.86,825.0,859.2,0.0
20161223000000,859.2,920.0,859.0,918.99,0.0
20161224000000,918.99,919.85,882.79,895.24,0.0
20161225000000,895.24,901.48,858.63,897.99,0.0
20161226000000,898.0,919.99,894.21,906.4,0.0
20161227000000,906.4,940.0,903.51,936.32,0.0
20161228000000,936.43,983.0,936.38,981.7,0.0
20161229000000,981.7,983.0,948.99,972.63,0.0
20161230000000,974.74,974.74,929.75,959.26,0.0
20161231000000,959.16,968.0,945.01,966.58,0.0
20170101000000,966.58,1.0,6.5,998.99,0.0
20170102000000,19.3,999.24,1.0,1.0,0.0
20170103000000,37.5,1.0,19.3,1.0,0.0
20170104000000,139.6,1.0,37.5,1.0,0.0
20170105000000,3.2,1.0,139.8,1.0,0.0
20170106000000,1.0,3.8,1.0,898.0,0.0
20170107000000,898.5,911.0,816.1,908.84,0.0
20170108000000,908.84,942.5,890.0,915.9,0.0
20170109000000,915.9,916.1,876.3,903.0,0.0
20170110000000,903.0,917.88,895.5,905.76,0.0
20170111000000,905.76,922.63,760.0,778.58,0.0
20170112000000,779.54,831.16,738.66,804.58,0.0
20170113000000,804.58,832.29,776.0,828.12,0.0
20170114000000,828.12,838.54,800.71,815.3,0.0
20170115000000,815.3,822.98,805.13,820.74,0.0
20170116000000,820.74,837.89,814.79,830.1,0.0
20170117000000,830.1,910.77,828.0,903.99,0.0
20170118000000,903.99,913.85,847.3,887.76,0.0
20170119000000,887.6,908.2,884.57,900.29,0.0
20170120000000,900.29,904.5,883.34,895.96,0.0
20170121000000,895.74,931.01,893.89,924.02,0.0
20170122000000,924.02,939.73,892.0,923.72,0.0
20170123000000,923.72,928.82,910.03,910.03,0.0
20170124000000,908.41,927.0,884.2,886.1,0.0
20170125000000,886.1,899.61,884.2,893.35,0.0
20170126000000,893.35,917.64,893.35,915.12,0.0
20170127000000,915.12,922.16,905.05,916.7,0.0
20170128000000,916.7,923.98,915.01,919.43,0.0
20170129000000,919.43,922.99,910.72,912.56,0.0
20170130000000,912.55,920.79,910.01,917.36,0.0
20170131000000,917.36,969.38,916.75,966.19,0.0
20170201000000,966.19,984.99,960.1,983.73,0.0
20170202000000,5.7,983.73,1.0,1.0,0.0
20170203000000,15.7,1.0,7.0,1.0,0.0
20170204000000,31.1,1.0,16.8,1.0,0.0
20170205000000,6.6,1.0,31.1,1.0,0.0
20170206000000,22.6,1.0,6.6,1.0,0.0
20170207000000,52.1,1.0,22.6,1.0,0.0
20170208000000,48.8,1.0,52.5,1.0,0.0
20170209000000,1.0,49.0,1.0,984.97,0.0
20170210000000,984.97,1.0,2.0,992.0,0.0
20170211000000,0.3,992.1,1.0,1.0,0.0
20170212000000,1.0,0.1,1.0,996.01,0.0
20170213000000,996.0,1.0,4.5,996.5,0.0
20170214000000,13.7,996.52,1.0,1.0,0.0
20170215000000,13.8,1.0,13.3,1.0,0.0
20170216000000,38.4,1.0,13.9,1.0,0.0
20170217000000,56.2,1.0,38.5,1.0,0.0
20170218000000,59.8,1.0,56.2,1.0,0.0
20170219000000,56.2,1.0,59.8,1.0,0.0
20170220000000,91.2,1.0,56.2,1.0,0.0
20170221000000,129.6,1.0,91.3,1.0,0.0
20170222000000,125.3,1.0,129.6,1.0,0.0
20170223000000,190.9,1.0,125.5,1.0,0.0
20170224000000,185.1,1.0,189.9,1.0,0.0
20170225000000,153.0,1.0,185.4,1.0,0.0
20170226000000,178.3,1.0,153.0,1.0,0.0
20170227000000,195.5,1.0,178.3,1.0,0.0
20170228000000,189.1,1.0,196.0,1.0,0.0
20170301000000,232.8,1.0,189.1,1.0,0.0
20170302000000,262.3,1.0,232.9,1.0,0.0
20170303000000,288.2,1.0,257.6,1.0,0.0
20170304000000,267.8,1.0,289.1,1.0,0.0
20170305000000,278.4,1.0,267.8,1.0,0.0
20170306000000,279.3,1.0,278.4,1.0,0.0
20170307000000,232.4,1.0,279.2,1.0,0.0
20170308000000,149.3,1.0,232.4,1.0,0.0
20170309000000,190.4,1.0,150.0,1.0,0.0
20170310000000,113.6,1.0,190.4,1.0,0.0
20170311000000,172.8,1.0,113.5,1.0,0.0
20170312000000,225.2,1.0,172.4,1.0,0.0
20170313000000,238.5,1.0,224.4,1.0,0.0
20170314000000,245.0,1.0,238.5,1.0,0.0
20170315000000,256.1,1.0,245.0,1.0,0.0
20170316000000,169.0,1.0,256.1,1.0,0.0
20170317000000,68.4,1.0,169.1,1.0,0.0
20170318000000,1.0,67.8,1.0,971.0,0.0
20170319000000,16.1,971.9,1.0,1.0,0.0
20170320000000,39.0,1.0,16.5,1.0,0.0
20170321000000,115.0,1.0,40.4,1.0,0.0
20170322000000,39.1,1.0,115.9,1.0,0.0
20170323000000,33.0,1.0,39.4,1.0,0.0
20170324000000,1.0,32.7,1.0,943.1,0.0
20170325000000,942.13,980.0,891.0,972.17,0.0
20170326000000,971.31,1.0,5.5,969.0,0.0
20170327000000,42.7,968.9,1.0,1.0,0.0
20170328000000,44.7,1.0,42.8,1.0,0.0
20170329000000,41.8,1.0,44.7,1.0,0.0
20170330000000,41.0,1.0,41.7,1.0,0.0
20170331000000,81.7,1.0,42.1,1.0,0.0
20170401000000,93.2,1.0,81.3,1.0,0.0
20170402000000,107.6,1.0,93.5,1.0,0.0
20170403000000,150.2,1.0,107.8,1.0,0.0
20170404000000,145.0,1.0,150.1,1.0,0.0
20170405000000,140.6,1.0,145.8,1.0,0.0
20170406000000,191.5,1.0,140.3,1.0,0.0
20170407000000,196.6,1.0,191.5,1.0,0.0
20170408000000,188.1,1.0,196.6,1.0,0.0
20170409000000,215.9,1.0,188.1,1.0,0.0
20170410000000,220.3,1.0,215.9,1.0,0.0
20170411000000,235.6,1.0,220.3,1.0,0.0
20170412000000,227.4,1.0,236.9,1.0,0.0
20170413000000,187.0,1.0,227.4,1.0,0.0
20170414000000,206.8,1.0,187.0,1.0,0.0
20170415000000,193.3,1.0,206.8,1.0,0.0
20170416000000,212.0,1.0,193.3,1.0,0.0
20170417000000,240.0,1.0,212.5,1.0,0.0
20170418000000,265.4,1.0,240.0,1.0,0.0
20170419000000,260.5,1.0,265.4,1.0,0.0
20170420000000,308.4,1.0,260.5,1.0,0.0
20170421000000,325.6,1.0,308.7,1.0,0.0
20170422000000,347.5,1.0,327.1,1.0,0.0
20170423000000,355.2,1.0,346.4,1.0,0.0
20170424000000,345.0,1.0,355.3,1.0,0.0
20170425000000,370.3,1.0,345.0,1.0,0.0
20170426000000,399.3,1.0,371.0,1.0,0.0
20170427000000,440.3,1.0,399.3,1.0,0.0
20170428000000,415.6,1.0,440.3,1.0,0.0
20170429000000,423.6,1.0,415.6,1.0,0.0
20170430000000,435.2,1.0,425.4,1.0,0.0
20170501000000,533.1,1.0,435.0,1.0,0.0
20170502000000,560.0,1.0,533.0,1.0,0.0
20170503000000,617.8,1.0,558.5,1.0,0.0
20170504000000,607.1,1.0,619.4,1.0,0.0
20170505000000,545.1,1.0,607.2,1.0,0.0
20170506000000,597.1,1.0,545.1,1.0,0.0
20170507000000,619.9,1.0,597.0,1.0,0.0
20170508000000,703.2,1.0,619.8,1.0,0.0
20170509000000,760.0,1.0,703.5,1.0,0.0
20170510000000,796.8,1.0,759.8,1.0,0.0
20170511000000,853.9,1.0,796.9,1.0,0.0
20170512000000,735.0,1.0,853.9,1.0,0.0
20170513000000,820.4,1.0,735.0,1.0,0.0
20170514000000,828.1,1.0,820.6,1.0,0.0
20170515000000,772.5,1.0,826.8,1.0,0.0
20170516000000,785.7,1.0,772.0,1.0,0.0
20170517000000,870.0,1.0,786.2,1.0,0.0
20170518000000,941.5,1.0,870.0,1.0,0.0
20170519000000,966.5,1.0,941.5,1.0,0.0
20170520000000,59.7,1.0,966.5,2.0,0.0
20170521000000,29.2,2.0,59.3,2.0,0.0
20170522000000,85.5,2.0,26.5,2.0,0.0
20170523000000,249.3,2.0,87.5,2.0,0.0
20170524000000,394.8,2.0,250.0,2.0,0.0
20170525000000,252.0,2.0,392.6,2.0,0.0
20170526000000,127.3,2.0,268.1,2.0,0.0
20170527000000,972.3,2.0,125.9,1.0,0.0
20170528000000,56.6,1.0,980.0,2.0,0.0
20170529000000,207.4,2.0,56.9,2.0,0.0
20170530000000,146.7,2.0,207.4,2.0,0.0
20170531000000,191.83,2.0,147.29,2.0,0.0
20170601000000,311.6,2.0,191.83,2.0,0.0
20170602000000,405.88,2.0,312.0,2.0,0.0
20170603000000,461.0,2.0,405.9,2.0,0.0
20170604000000,488.2,2.0,461.6,2.0,0.0
20170605000000,636.2,2.0,488.2,2.0,0.0
20170606000000,843.6,2.0,636.9,2.0,0.0
20170607000000,642.63,2.0,844.6,2.0,0.0
20170608000000,782.1,2.0,642.0,2.0,0.0
20170609000000,809.0,2.0,781.5,2.0,0.0
20170610000000,806.0,2.0,809.9,2.0,0.0
20170611000000,936.3,2.0,806.0,2.0,0.0
20170612000000,571.8,2.0,941.8,2.0,0.0
20170613000000,676.4,2.0,570.0,2.0,0.0
20170614000000,395.04,2.0,677.1,2.0,0.0
20170615000000,377.4,2.0,394.3,2.0,0.0
20170616000000,437.0,2.0,377.5,2.0,0.0
20170617000000,610.0,2.0,435.5,2.0,0.0
20170618000000,491.5,2.0,610.1,2.0,0.0
20170619000000,580.8,2.0,494.9,2.0,0.0
20170620000000,712.2,2.0,585.0,2.0,0.0
20170621000000,621.2,2.0,715.3,2.0,0.0
20170622000000,672.8,2.0,624.4,2.0,0.0
20170623000000,674.9,2.0,672.8,2.0,0.0
20170624000000,502.6,2.0,674.9,2.0,0.0
20170625000000,477.7,2.0,502.6,2.0,0.0
20170626000000,394.6,2.0,480.0,2.0,0.0
20170627000000,521.2,2.0,393.5,2.0,0.0
20170628000000,518.2,2.0,521.3,2.0,0.0
20170629000000,470.1,2.0,518.2,2.0,0.0
20170630000000,420.7,2.0,472.4,2.0,0.0
20170701000000,349.5,2.0,420.6,2.0,0.0
20170702000000,445.0,2.0,346.2,2.0,0.0
20170703000000,524.0,2.0,445.1,2.0,0.0
20170704000000,582.6,2.0,525.9,2.0,0.0
20170705000000,598.5,2.0,579.9,2.0,0.0
20170706000000,593.1,2.0,598.6,2.0,0.0
20170707000000,479.3,2.0,593.2,2.0,0.0
20170708000000,542.0,2.0,479.3,2.0,0.0
20170709000000,478.0,2.0,542.0,2.0,0.0
20170710000000,318.3,2.0,477.9,2.0,0.0
20170711000000,282.1,2.0,318.3,2.0,0.0
20170712000000,374.4,2.0,285.6,2.0,0.0
20170713000000,329.0,2.0,375.6,2.0,0.0
20170714000000,205.1,2.0,329.4,2.0,0.0
20170715000000,978.6,2.0,206.5,1.0,0.0
20170716000000,924.9,1.0,979.7,1.0,0.0
20170717000000,219.0,1.0,925.0,2.0,0.0
20170718000000,302.1,2.0,220.0,2.0,0.0
20170719000000,253.1,2.0,302.2,2.0,0.0
20170720000000,856.3,2.0,253.3,2.0,0.0
20170721000000,664.0,2.0,874.5,2.0,0.0
20170722000000,845.7,2.0,659.0,2.0,0.0
20170723000000,747.5,2.0,845.7,2.0,0.0
20170724000000,769.7,2.0,750.1,2.0,0.0
20170725000000,560.9,2.0,769.7,2.0,0.0
20170726000000,525.7,2.0,560.9,2.0,0.0
20170727000000,664.9,2.0,527.74,2.0,0.0
20170728000000,784.8,2.0,664.6,2.0,0.0
20170729000000,714.1,2.0,784.8,2.0,0.0
20170730000000,749.0,2.0,713.7,2.0,0.0
20170731000000,856.0,2.0,748.9,2.0,0.0
20170801000000,731.2,2.0,854.3,2.0,0.0
20170802000000,702.0,2.0,733.8,2.0,0.0
20170803000000,790.3,2.0,702.0,2.0,0.0
20170804000000,860.0,2.0,790.3,2.0,0.0
20170805000000,256.4,2.0,860.0,3.0,0.0
20170806000000,227.9,3.0,255.0,3.0,0.0
20170807000000,396.7,3.0,232.5,3.0,0.0
20170808000000,415.0,3.0,395.0,3.0,0.0
20170809000000,339.9,3.0,415.0,3.0,0.0
20170810000000,407.9,3.0,340.2,3.0,0.0
20170811000000,644.1,3.0,404.7,3.0,0.0
20170812000000,865.5,3.0,643.4,3.0,0.0
20170813000000,53.3,3.0,866.2,4.0,0.0
20170814000000,319.5,4.0,61.6,4.0,0.0
20170815000000,151.9,4.0,321.0,4.0,0.0
20170816000000,386.3,4.0,160.0,4.0,0.0
20170817000000,260.0,4.0,386.4,4.0,0.0
20170818000000,90.2,4.0,269.7,4.0,0.0
20170819000000,145.1,4.0,88.2,4.0,0.0
20170820000000,64.3,4.0,145.0,4.0,0.0
20170821000000,2.5,4.0,66.3,4.0,0.0
20170822000000,74.0,3.0,998.9,4.0,0.0
20170823000000,129.1,4.0,86.9,4.0,0.0
20170824000000,325.2,4.0,135.0,4.0,0.0
20170825000000,351.5,4.0,324.1,4.0,0.0
20170826000000,341.7,4.0,351.5,4.0,0.0
20170827000000,331.8,4.0,340.2,4.0,0.0
20170828000000,383.8,4.0,330.7,4.0,0.0
20170829000000,587.1,4.0,385.1,4.0,0.0
20170830000000,569.0,4.0,586.6,4.0,0.0
20170831000000,718.2,4.0,567.9,4.0,0.0
20170901000000,904.9,4.0,718.3,4.0,0.0
20170902000000,534.4,4.0,911.8,4.0,0.0
20170903000000,595.0,4.0,534.2,4.0,0.0
20170904000000,200.4,4.0,599.2,4.0,0.0
20170905000000,374.9,4.0,210.6,4.0,0.0
20170906000000,589.1,4.0,375.0,4.0,0.0
20170907000000,613.5,4.0,594.6,4.0,0.0
20170908000000,305.8,4.0,613.5,4.0,0.0
20170909000000,317.9,4.0,304.0,4.0,0.0
20170910000000,232.1,4.0,315.4,4.0,0.0
20170911000000,203.0,4.0,234.9,4.0,0.0
20170912000000,142.9,4.0,198.9,4.0,0.0
20170913000000,849.7,4.0,149.4,3.0,0.0
20170914000000,238.1,3.0,850.2,3.0,0.0
20170915000000,698.0,3.0,237.4,3.0,0.0
20170916000000,685.4,3.0,697.1,3.0,0.0
20170917000000,666.3,3.0,680.1,3.0,0.0
20170918000000,84.1,3.0,667.0,4.0,0.0
20170919000000,900.0,4.0,84.4,3.0,0.0
20170920000000,873.2,3.0,892.2,3.0,0.0
20170921000000,603.4,3.0,875.5,3.0,0.0
20170922000000,598.5,3.0,597.3,3.0,0.0
20170923000000,779.6,3.0,598.7,3.0,0.0
20170924000000,652.8,3.0,779.6,3.0,0.0
20170925000000,930.0,3.0,654.7,3.0,0.0
20170926000000,879.1,3.0,930.0,3.0,0.0
20170927000000,205.4,3.0,881.6,4.0,0.0
20170928000000,190.0,4.0,207.5,4.0,0.0
20170929000000,169.9,4.0,190.0,4.0,0.0
20170930000000,367.0,4.0,168.1,4.0,0.0
20171001000000,404.3,4.0,366.6,4.0,0.0
20171002000000,400.1,4.0,404.3,4.0,0.0
20171003000000,311.1,4.0,399.3,4.0,0.0
20171004000000,215.1,4.0,310.6,4.0,0.0
20171005000000,315.4,4.0,215.9,4.0,0.0
20171006000000,371.0,4.0,312.6,4.0,0.0
20171007000000,436.0,4.0,370.0,4.0,0.0
20171008000000,613.1,4.0,435.9,4.0,0.0
20171009000000,782.3,4.0,612.4,4.0,0.0
20171010000000,777.0,4.0,782.3,4.0,0.0
20171011000000,824.9,4.0,777.7,4.0,0.0
20171012000000,428.5,4.0,824.9,5.0,0.0
20171013000000,636.8,5.0,440.0,5.0,0.0
20171014000000,835.0,5.0,636.8,5.0,0.0
20171015000000,698.6,5.0,838.7,5.0,0.0
20171016000000,764.4,5.0,712.2,5.0,0.0
20171017000000,597.1,5.0,764.8,5.0,0.0
20171018000000,565.0,5.0,597.7,5.0,0.0
20171019000000,694.0,5.0,574.8,5.0,0.0
20171020000000,984.5,5.0,694.0,5.0,0.0
20171021000000,5.1,5.0,984.9,6.0,0.0
20171022000000,980.5,6.0,5.1,5.0,0.0
20171023000000,906.9,5.0,980.5,5.0,0.0
20171024000000,509.5,5.0,902.5,5.0,0.0
20171025000000,720.0,5.0,509.9,5.0,0.0
20171026000000,890.0,5.0,724.2,5.0,0.0
20171027000000,759.6,5.0,890.0,5.0,0.0
20171028000000,720.6,5.0,759.8,5.0,0.0
20171029000000,156.0,5.0,718.1,6.0,0.0
20171030000000,125.3,6.0,146.0,6.0,0.0
20171031000000,458.3,6.0,129.9,6.0,0.0
20171101000000,727.3,6.0,450.2,6.0,0.0
20171102000000,19.9,6.0,735.0,7.0,0.0
20171103000000,278.4,7.0,18.9,7.0,0.0
20171104000000,369.0,7.0,104.0,7.0,0.0
20171105000000,382.0,7.0,370.9,7.0,0.0
20171106000000,955.0,7.0,355.1,6.0,0.0
20171107000000,103.3,6.0,959.6,7.0,0.0
20171108000000,442.4,7.0,102.0,7.0,0.0
20171109000000,126.2,7.0,447.0,7.0,0.0
20171110000000,542.2,7.0,123.3,6.0,0.0
20171111000000,300.7,6.0,541.2,6.0,0.0
20171112000000,822.1,6.0,282.4,5.0,0.0
20171113000000,474.6,5.0,806.5,6.0,0.0
20171114000000,579.2,6.0,476.5,6.0,0.0
20171115000000,278.3,6.0,589.9,7.0,0.0
20171116000000,864.2,7.0,273.7,7.0,0.0
20171117000000,677.9,7.0,865.0,7.0,0.0
20171118000000,773.3,7.0,674.1,7.0,0.0
20171119000000,54.2,7.0,770.6,8.0,0.0
20171120000000,245.1,8.0,52.8,8.0,0.0
20171121000000,97.3,8.0,245.1,8.0,0.0
20171122000000,230.1,8.0,97.3,8.0,0.0
20171123000000,977.1,8.0,230.0,7.0,0.0
20171124000000,191.6,7.0,977.0,8.0,0.0
20171125000000,766.2,8.0,191.6,8.0,0.0
20171126000000,316.0,8.0,791.0,9.0,0.0
20171127000000,728.8,9.0,303.9,9.0,0.0
20171128000000,898.0,9.0,727.1,9.0,0.0
20171129000000,749.4,9.0,891.9,9.0,0.0
20171130000000,907.0,9.0,771.9,9.0,0.0
20171201000000,869.0,9.0,907.0,10.0,0.0
20171202000000,881.0,10.0,852.0,10.0,0.0
20171203000000,157.0,10.0,880.0,11.0,0.0
20171204000000,595.0,11.0,162.0,11.0,0.0
20171205000000,595.0,11.0,611.0,11.0,0.0
20171206000000,527.0,11.0,590.0,13.0,0.0
20171207000000,601.0,13.0,500.0,16.0,0.0
20171208000000,869.0,16.0,608.0,15.0,0.0
20171209000000,660.0,15.0,829.0,14.0,0.0
20171210000000,997.0,14.0,660.0,14.0,0.0
20171211000000,754.0,14.0,937.0,16.0,0.0
20171212000000,967.0,16.0,754.0,16.0,0.0
20171213000000,181.0,17.0,10.0,16.0,0.0
20171214000000,383.0,16.0,122.0,16.0,0.0
20171215000000,522.0,16.0,396.0,17.0,0.0
20171216000000,870.0,17.0,569.55,17.0,0.0
